ISIN_7_PREFIX,Company,All Companies Seen
INE001A,HDFC GROUP,HDFC GROUP
INE001R,STARLITE LIGHTING LIMITED,STARLITE LIGHTING LIMITED
INE001W,YARROW INFRASTRUCTURE PRIVATE LIMITED,YARROW INFRASTRUCTURE PRIVATE LIMITED
INE002A,RELIANCE GROUP,RELIANCE GROUP
INE002L,SJVN LIMITED,SJVN LIMITED
INE003L,EMBASSY PROPERTY DEVELOPMENTS PRIVATE LIMITED,EMBASSY PROPERTY DEVELOPMENTS PRIVATE LIMITED
INE003S,RENEW POWER LIMITED,RENEW POWER LIMITED
INE005A,ICICI GROUP,ICICI GROUP
INE006A,RELIANCE GROUP,RELIANCE GROUP
INE007N,FEDBANK FINANCIAL SERVICES LIMITED,FEDBANK FINANCIAL SERVICES LIMITED
INE008A,IDBI BANK LIMITED,IDBI BANK LIMITED
INE008I,COX AND KINGS LIMITED,COX AND KINGS LIMITED
INE00BL,EARC TRUST - SC 322,EARC TRUST - SC 322
INE00DJ,TAPIR CONSTRUCTIONS LIMITED,TAPIR CONSTRUCTIONS LIMITED
INE00FQ,ADVANCE INDIA PROJECTS LIMITED,ADVANCE INDIA PROJECTS LIMITED
INE00JA,RAINBOW DEVICES TRUST,RAINBOW DEVICES TRUST
INE00MJ,JMFARC - METALLICS FEBRUARY 2018 - TRUST,JMFARC - METALLICS FEBRUARY 2018 - TRUST
INE00MX,SVATANTRA MICROFIN PRIVATE LIMITED,SVATANTRA MICROFIN PRIVATE LIMITED
INE00QB,JMFARC - ALPHAHEALTH 2018 - TRUST,JMFARC - ALPHAHEALTH 2018 - TRUST
INE00QS,INDORE MUNICIPAL CORPORATION,INDORE MUNICIPAL CORPORATION
INE00RT,EARC TRUST - SC 309,EARC TRUST - SC 309
INE00S4,FOURTH PARTNER ENERGY PRIVATE LIMITED,FOURTH PARTNER ENERGY PRIVATE LIMITED
INE00SD,RMZ BUILDCON PRIVATE LIMITED,RMZ BUILDCON PRIVATE LIMITED
INE00V2,JOHN DEERE FINANCIAL INDIA PRIVATE LIMITED,JOHN DEERE FINANCIAL INDIA PRIVATE LIMITED
INE00XL,B.N. AGRITECH LIMITED,B.N. AGRITECH LIMITED
INE010A,PRISM CEMENT LIMITED,PRISM CEMENT LIMITED
INE010E,MAHARASHTRA JEEVAN PRADHIKARAN,MAHARASHTRA JEEVAN PRADHIKARAN
INE011A,NAYARA ENERGY LIMITED,NAYARA ENERGY LIMITED
INE011S,ALBRECHT BUILDER PRIVATE LIMITED,ALBRECHT BUILDER PRIVATE LIMITED | TRIL IT4 PRIVATE LIMITED
INE012A,ACC LIMITED,ACC LIMITED
INE012G,HERO MOTORS,HERO MOTORS | HERO MOTORS LIMITED
INE012I,JM FINANCIAL SERVICES PVT. LIMITED,JM FINANCIAL SERVICES PVT. LIMITED
INE013A,RELIANCE GROUP,RELIANCE GROUP
INE014N,NATIONAL COOPERATIVE DEVELOPMENT CORPORATION,NATIONAL COOPERATIVE DEVELOPMENT CORPORATION
INE015A,RANBAXY LABORATORIES LIMITED,RANBAXY LABORATORIES LIMITED
INE015D,MANAKSIA LIMITED,MANAKSIA LIMITED
INE015L,EDELWEISS ASSET RECONSTRUCTION CO. LTD,EDELWEISS ASSET RECONSTRUCTION CO. LTD
INE015Q,GOOD EARTH ECO DEVELOPMENTS PRIVATE LIMITED,GOOD EARTH ECO DEVELOPMENTS PRIVATE LIMITED
INE0165,EARC TRUST - SC 337,EARC TRUST - SC 337
INE0166,EARC TRUST - SC 333,EARC TRUST - SC 333
INE0167,CONCRETE LIFESTYLES & INFRASTRUCTURE PRIVATE LIMITED,CONCRETE LIFESTYLES & INFRASTRUCTURE PRIVATE LIMITED
INE016P,VISTAAR FINANCIAL SERVICES PRIVATE LIMITED,VISTAAR FINANCIAL SERVICES PRIVATE LIMITED
INE017A,THE GREAT EASTERN SHIPPING COMPANY LIMITED,THE GREAT EASTERN SHIPPING COMPANY LIMITED
INE018A,LARSEN AND TOUBRO LIMITED,LARSEN AND TOUBRO LIMITED | ULTRATECH CEMENT LIMITED
INE018E,SBI GROUP,SBI GROUP
INE018P,UJJAWALA POWER PRIVATE LIMITED,UJJAWALA POWER PRIVATE LIMITED
INE019A,JSW STEEL LIMITED,JSW STEEL LIMITED
INE019H,ARCIL - CPS -001-IV TRUST,ARCIL - CPS -001-IV TRUST
INE01A1,RENT - A - DEVICE TRUST,RENT - A - DEVICE TRUST
INE01A2,JM FINANCIAL HOME LOANS LIMITED,JM FINANCIAL HOME LOANS LIMITED
INE01AI,NIWAS HOUSING FINANCE PRIVATE LIMITED,NIWAS HOUSING FINANCE PRIVATE LIMITED
INE01E7,ANDHRA PRADESH CAPITAL REGION DEVELOPMENT AUTHORITY,ANDHRA PRADESH CAPITAL REGION DEVELOPMENT AUTHORITY
INE01ED,DIGIKREDIT FINANCE PRIVATE LIMITED,DIGIKREDIT FINANCE PRIVATE LIMITED
INE01EQ,TYGER CAPITAL PRIVATE LIMITED,TYGER CAPITAL PRIVATE LIMITED
INE01HV,VIVRITI CAPITAL LIMITED,VIVRITI CAPITAL LIMITED
INE01IL,EARC TRUST - SC 323,EARC TRUST - SC 323
INE01IW,EARC TRUST - SC 339,EARC TRUST - SC 339
INE01IX,EARC TRUST - SC 340,EARC TRUST - SC 340
INE01IY,EARC TRUST - SC 341,EARC TRUST - SC 341
INE01KF,KINDLE INFRAHEIGHTS PRIVATE LIMITED,KINDLE INFRAHEIGHTS PRIVATE LIMITED
INE01MM,SBI GROUP,SBI GROUP
INE01O7,EARC TRUST - SC 326,EARC TRUST - SC 326
INE01OI,MUNICIPAL CORPORATION BHOPAL,MUNICIPAL CORPORATION BHOPAL
INE01QP,ADITYA BIRLA RENEWABLES LIMITED,ADITYA BIRLA RENEWABLES LIMITED
INE01WN,MOTILAL OSWAL FINVEST LIMITED,MOTILAL OSWAL FINVEST LIMITED
INE01WW,SURAKSHA ARC - 031 TRUST,SURAKSHA ARC - 031 TRUST
INE01XO,IFL FINANCE LIMITED,IFL FINANCE LIMITED
INE01XX,PIPELINE INFRASTRUCTURE LIMITED,PIPELINE INFRASTRUCTURE LIMITED
INE01YL,EARLYSALARY SERVICES PRIVATE LIMITED,EARLYSALARY SERVICES PRIVATE LIMITED
INE020B,REC GROUP,REC GROUP | RECL SLR-23 TR1
INE020E,STCI FINANCE LIMITED,STCI FINANCE LIMITED
INE021T,UNISHIRE URBANSCAPE PRIVATE LIMITED,UNISHIRE URBANSCAPE PRIVATE LIMITED
INE025M,NOVO X TRUST LOCOMOTIVE,NOVO X TRUST LOCOMOTIVE
INE0272,BOBCARD LIMITED,BOBCARD LIMITED
INE027A,RASHTRIYA CHEMICALS AND FERTILIZERS LIMITED,RASHTRIYA CHEMICALS AND FERTILIZERS LIMITED
INE027E,L,L | L&T FINANCE LIMITED
INE028A,BANK OF BARODA,BANK OF BARODA
INE029A,BHARAT PETROLEUM CORPORATION LTD.,BHARAT PETROLEUM CORPORATION LTD.
INE02CG,GOLDEN GUILD PROPERTIES PRIVATE LIMITED,GOLDEN GUILD PROPERTIES PRIVATE LIMITED
INE02EP,CRISS FINANCIAL  LIMITED,CRISS FINANCIAL  LIMITED
INE02HF,VALENCIA AND MISHAL VENTURES PRIVATE LIMITED,VALENCIA AND MISHAL VENTURES PRIVATE LIMITED
INE02JD,GODREJ HOUSING FINANCE LIMITED,GODREJ HOUSING FINANCE LIMITED
INE02KN,GODREJ FINANCE LIMITED,GODREJ FINANCE LIMITED
INE02LU,PL SURYA VIDYUT LIMITED,PL SURYA VIDYUT LIMITED
INE02LW,PL SOLAR RENEWABLE LIMITED,PL SOLAR RENEWABLE LIMITED
INE02LX,PL SUNRAYS POWER LIMITED,PL SUNRAYS POWER LIMITED
INE02PE,JTPM METAL TRADERS LIMITED,JTPM METAL TRADERS LIMITED
INE02VP,IKF HOME FINANCE LIMITED,IKF HOME FINANCE LIMITED
INE02YC,SATIN HOUSING FINANCE LIMITED,SATIN HOUSING FINANCE LIMITED
INE031A,HOUSING AND URBAN DEVELOPMENT CORPORATION LIMITED,HOUSING AND URBAN DEVELOPMENT CORPORATION LIMITED
INE033L,TATA GROUP,TATA GROUP
INE034U,MONTECARLO LIMITED,MONTECARLO LIMITED
INE035E,RABO INDIA FINANCE LIMITED,RABO INDIA FINANCE LIMITED
INE036A,RELIANCE GROUP,RELIANCE GROUP
INE036D,THE KARUR VYSYA BANK LIMITED,THE KARUR VYSYA BANK LIMITED
INE036M,DHFL HOLDINGS PRIVATE LIMITED,DHFL HOLDINGS PRIVATE LIMITED
INE037E,TATA GROUP,TATA GROUP
INE037S,SAYA HOMES PRIVATE LIMITED,SAYA HOMES PRIVATE LIMITED
INE0387,RELIABLE DEVICES TRUST,RELIABLE DEVICES TRUST
INE038A,HINDALCO INDUSTRIES LIMITED,HINDALCO INDUSTRIES LIMITED
INE038U,INNOVADOR TRADERS PRIVATE LIMITED,INNOVADOR TRADERS PRIVATE LIMITED
INE039A,IFCI LIMITED,IFCI LIMITED
INE03F3,JMFARC - Metallics November 2018 - Trust,JMFARC - Metallics November 2018 - Trust
INE03H4,AQUA SPACE DEVELOPERS PRIVATE LIMITED,AQUA SPACE DEVELOPERS PRIVATE LIMITED
INE03K3,SATIN FINSERV LIMITED,SATIN FINSERV LIMITED
INE03MO,JMFARC - METALLICS DECEMBER 2018 - TRUST,JMFARC - METALLICS DECEMBER 2018 - TRUST
INE03W1,ARKA FINCAP LIMITED,ARKA FINCAP LIMITED
INE040A,HDFC GROUP,HDFC GROUP
INE0410,EMBASSY OFFICE PARKS REIT,EMBASSY OFFICE PARKS REIT
INE041G,MAHARASHTRA PATBANDHARE VITTIYA COMPANY LTD,MAHARASHTRA PATBANDHARE VITTIYA COMPANY LTD
INE041R,SPARK BUILDERS AND INFRA PROJECTS PRIVATE LIMITED,SPARK BUILDERS AND INFRA PROJECTS PRIVATE LIMITED
INE043A,GTL LIMITED,GTL LIMITED
INE043D,IDFC LIMITED,IDFC LIMITED
INE0442,JMFARC - KTK METALLICS DECEMBER 2018 - TRUST,JMFARC - KTK METALLICS DECEMBER 2018 - TRUST
INE044A,SUN PHARMACEUTICAL INDUSTRIES LTD.,SUN PHARMACEUTICAL INDUSTRIES LTD.
INE044R,FOREMOST REALTORS PRIVATE LIMITED,FOREMOST REALTORS PRIVATE LIMITED
INE046O,SAND LAND REAL ESTATES PRIVATE LIMITED,SAND LAND REAL ESTATES PRIVATE LIMITED
INE046W,MUTHOOT MICROFIN LIMITED,MUTHOOT MICROFIN LIMITED
INE047A,GRASIM INDUSTRIES,GRASIM INDUSTRIES | GRASIM INDUSTRIES LTD
INE047M,HINDUSTAN CLEANENERGY LIMITED,HINDUSTAN CLEANENERGY LIMITED
INE048A,HIND ORG CHEM,HIND ORG CHEM | HINDUSTAN ORGANIC CHEMICALS LIMITED
INE049B,WOCKHARDT LIMITED,WOCKHARDT LIMITED
INE04AP,SADBHAV GADAG HIGHWAY PRIVATE LIMITED,SADBHAV GADAG HIGHWAY PRIVATE LIMITED
INE04HY,VEDIKA CREDIT CAPITAL LTD,VEDIKA CREDIT CAPITAL LTD
INE04K3,MSRDC SEA LINK LIMITED,MSRDC SEA LINK LIMITED
INE04Q9,DAR CREDIT & CAPITAL LTD,DAR CREDIT & CAPITAL LTD
INE04SE,CHOICE FINSERV PRIVATE LIMITED,CHOICE FINSERV PRIVATE LIMITED
INE04VS,OXYZO FINANCIAL SERVICES LIMITED,OXYZO FINANCIAL SERVICES LIMITED
INE050A,THE BOMBAY BURMAH TRADING CORPORATION LIMITED,THE BOMBAY BURMAH TRADING CORPORATION LIMITED
INE050Q,RAHEJA DEVELOPERS LIMITED,RAHEJA DEVELOPERS LIMITED
INE050R,CENTURY JOINT DEVELOPMENTS PRIVATE LIMITED,CENTURY JOINT DEVELOPMENTS PRIVATE LIMITED
INE051Q,J.M. HOUSING LIMITED,J.M. HOUSING LIMITED
INE052O,INNOVATION TRUST IV SEP 12,INNOVATION TRUST IV SEP 12
INE053A,THE INDIAN HOTELS COMPANY LIMITED,THE INDIAN HOTELS COMPANY LIMITED
INE053F,INDIAN RAILWAY FINANCE CORPORATION LIMITED,INDIAN RAILWAY FINANCE CORPORATION LIMITED
INE053J,K RAHEJA CORP PRIVATE LTD,K RAHEJA CORP PRIVATE LTD
INE053T,ONGC MANGALORE PETROCHEMICALS LIMITED,ONGC MANGALORE PETROCHEMICALS LIMITED
INE0540,SOLAR ENERGY CORPORATION OF INDIA LIMITED,SOLAR ENERGY CORPORATION OF INDIA LIMITED
INE054O,L&T SHIPBUILDING LIMITED,L&T SHIPBUILDING LIMITED
INE055A,ADITYA BIRLA REAL ESTATE LIMITED,ADITYA BIRLA REAL ESTATE LIMITED | CENTURY TEXTILES AND INDUSTRIES LIMITED
INE055I,MAGMA HOUSING FINANCE,MAGMA HOUSING FINANCE
INE056K,JAYNEER CAPITAL PVT LTD,JAYNEER CAPITAL PVT LTD
INE056O,FLOREAT INVESTMENTS LIMITED,FLOREAT INVESTMENTS LIMITED | FLOREAT INVESTMENTS PRIVATE  LIMITED
INE056Q,PARINEE SHELTERS PRIVATE LIMITED,PARINEE SHELTERS PRIVATE LIMITED
INE057O,OPELINA FINANCE AND INVESTMENT LIMITED,OPELINA FINANCE AND INVESTMENT LIMITED
INE057T,REGEN INFRASTRUCTURE AND SERVICES PRIVATE LIMITED,REGEN INFRASTRUCTURE AND SERVICES PRIVATE LIMITED
INE059B,SIMPLEX INFRASTRUCTURES LIMITED,SIMPLEX INFRASTRUCTURES LIMITED
INE059T,ENSOURCE CONSULTING PRIVATE LIMITED,ENSOURCE CONSULTING PRIVATE LIMITED
INE05NX,SURAT MUNICIPAL CORPORATION,SURAT MUNICIPAL CORPORATION
INE05OC,LUCKNOW MUNICIPAL CORPORATION,LUCKNOW MUNICIPAL CORPORATION
INE05TX,TRUST CAPITAL SERVICES (INDIA) PRIVATE LIMITED,TRUST CAPITAL SERVICES (INDIA) PRIVATE LIMITED
INE05UI,INDIAN RECEIVABLE TRUST 2019 SERIES 3,INDIAN RECEIVABLE TRUST 2019 SERIES 3
INE05UK,INDIAN RECEIVABLE TRUST 2019 SERIES 4,INDIAN RECEIVABLE TRUST 2019 SERIES 4
INE05XN,T.S.RAJAM RUBBERS PRIVATE LIMITED,T.S.RAJAM RUBBERS PRIVATE LIMITED
INE060K,ADANI GROUP,ADANI GROUP
INE0610,INDIAN RECEIVABLE TRUST 2019 SERIES 5,INDIAN RECEIVABLE TRUST 2019 SERIES 5
INE061O,SHAMBHAVI REALTY PRIVATE LIMITED,SHAMBHAVI REALTY PRIVATE LIMITED
INE062A,STATE BANK OF INDIA,STATE BANK OF INDIA
INE062N,RATIONAL BUILDCON PRIVATE LIMITED,RATIONAL BUILDCON PRIVATE LIMITED
INE062R,FORTUNA BUILDCON INDIA PRIVATE LIMITED,FORTUNA BUILDCON INDIA PRIVATE LIMITED
INE063P,EQUITAS SMALL FINANCE BANK LIMITED,EQUITAS SMALL FINANCE BANK LIMITED
INE063R,ORIX LEASING & FINANCIAL SERVICES INDIA LIMITED,ORIX LEASING & FINANCIAL SERVICES INDIA LIMITED
INE064K,ONGC VIDESH LIMITED,ONGC VIDESH LIMITED
INE064U,EARC TRUST - SC 187,EARC TRUST - SC 187
INE0651,ACRE - 67 - TRUST,ACRE - 67 - TRUST
INE065L,GUJARAT STATE PETROLEUM CORPORATION LIMITED,GUJARAT STATE PETROLEUM CORPORATION LIMITED
INE065R,UNISHIRE PROMOTERS PRIVATE LIMITED,UNISHIRE PROMOTERS PRIVATE LIMITED
INE067X,TATA GROUP,TATA GROUP
INE069A,ADITYA BIRLA NUVO LIMITED,ADITYA BIRLA NUVO LIMITED | GRASIM INDUSTRIES LTD
INE069I,INDIABULLS REAL ESTATE LIMITED,INDIABULLS REAL ESTATE LIMITED
INE069P,TATA GROUP,TATA GROUP
INE069R,SPRIT INFRAPOWER & MULTIVENTURES PRIVATE LIMITED,SPRIT INFRAPOWER & MULTIVENTURES PRIVATE LIMITED
INE06E5,HELLA INFRA MARKET LIMITED,HELLA INFRA MARKET LIMITED
INE06GZ,THE ORIENTAL INSURANCE COMPANY LIMITED,THE ORIENTAL INSURANCE COMPANY LIMITED
INE06WA,STRITON PROPERTIES PRIVATE LIMITED,STRITON PROPERTIES PRIVATE LIMITED
INE06WU,LAXMI INDIA FINANCE LIMITED,LAXMI INDIA FINANCE LIMITED
INE070A,SHREE CEMENT,SHREE CEMENT
INE070T,J. P. INFRA (MUMBAI) PRIVATE LIMITED,J. P. INFRA (MUMBAI) PRIVATE LIMITED
INE071F,ANJANI PORTLAND CEMENT LTD.,ANJANI PORTLAND CEMENT LTD.
INE071G,ICICI GROUP,ICICI GROUP
INE073J,HIMACHAL SORANG POWER PRIVATE LIMITED,HIMACHAL SORANG POWER PRIVATE LIMITED
INE076G,AVANTHA REALTY LIMITED,AVANTHA REALTY LIMITED
INE076I,RDC CONCRETE(INDIA) LIMITED,RDC CONCRETE(INDIA) LIMITED
INE077A,DENA BANK,DENA BANK
INE077E,ESSEL MINING & INDUSTRIES LIMITED,ESSEL MINING & INDUSTRIES LIMITED
INE077Y,EARC TRUST- SC 262,EARC TRUST- SC 262
INE078G,PSEB SLR SR-1,PSEB SLR SR-1 | PUNJAB STATE ELECTRICITY BOARD
INE078H,ARCIL- SBPS-001-III TRUST,ARCIL- SBPS-001-III TRUST
INE079H,ARCIL-SBPS-001-IV TRUST,ARCIL-SBPS-001-IV TRUST
INE07HK,KRAZYBEE SERVICES LIMITED,KRAZYBEE SERVICES LIMITED
INE07IW,SANSAR TRUST MARCH 2019,SANSAR TRUST MARCH 2019
INE07PX,SBM BANK (INDIA) LIMITED,SBM BANK (INDIA) LIMITED
INE07UF,HIRANANDANI FINANCIAL SERVICES PRIVATE LIMITED,HIRANANDANI FINANCIAL SERVICES PRIVATE LIMITED
INE080H,ARCIL-SBPS-001-V TRUST,ARCIL-SBPS-001-V TRUST
INE081A,TATA GROUP,TATA GROUP
INE081H,ARCIL-SBPS-001-VI TRUST,ARCIL-SBPS-001-VI TRUST
INE081Q,NORTHERN POWER DISTRIBUTION COMPANY OF ANDHRA PRADESH LIMITED,NORTHERN POWER DISTRIBUTION COMPANY OF ANDHRA PRADESH LIMITED
INE081T,AASAN CORPORATE SOLUTIONS PRIVATE LIMITED,AASAN CORPORATE SOLUTIONS PRIVATE LIMITED
INE082M,ARUN EXCELLO REALTY PRIVATE LIMITED,ARUN EXCELLO REALTY PRIVATE LIMITED
INE082O,PARRY SUGARS REFINERY INDIA PRIVATE LIMITED,PARRY SUGARS REFINERY INDIA PRIVATE LIMITED
INE082P,SHAH GROUP BUILDERS LIMITED,SHAH GROUP BUILDERS LIMITED
INE082T,DILIGENT MEDIA CORPORATION LIMITED,DILIGENT MEDIA CORPORATION LIMITED
INE0833,OMKARA PS22/2018-19 TRUST,OMKARA PS22/2018-19 TRUST
INE0847,INDIA RESURGENCE ARC TRUST - I,INDIA RESURGENCE ARC TRUST - I
INE084A,BANK OF INDIA,BANK OF INDIA
INE084G,TAMILNADU ELECTRICITY BOARD,TAMILNADU ELECTRICITY BOARD
INE084P,SUMIT REALTY PRIVATE LIMITED,SUMIT REALTY PRIVATE LIMITED
INE085A,CHAMBAL FERT,CHAMBAL FERT
INE086A,ELECTRO STEEL,ELECTRO STEEL
INE086R,BARATH BUILDING CONSTRUCTION (INDIA) PRIVATE LIMITED,BARATH BUILDING CONSTRUCTION (INDIA) PRIVATE LIMITED
INE087A,KESORAM INDUST,KESORAM INDUST
INE087H,SHREE RENUKA SUGARS LIMITED,SHREE RENUKA SUGARS LIMITED
INE087M,BAHADUR CHAND INVESTMENTS PRIVATE LIMITED,BAHADUR CHAND INVESTMENTS PRIVATE LIMITED
INE087P,AVANSE FINANCIAL SERVICES LIMITED,AVANSE FINANCIAL SERVICES LIMITED
INE088M,SAHYOG HOMES LIMITED,SAHYOG HOMES LIMITED
INE089A,DR. REDDY'S LABORATORIES LIMITED,DR. REDDY'S LABORATORIES LIMITED
INE089C,STERLITE TECHNOLOGIES LIMITED,STERLITE TECHNOLOGIES LIMITED
INE089J,BHARTI AXA LIFE INSURANCE COMPANY LIMITED,BHARTI AXA LIFE INSURANCE COMPANY LIMITED
INE08BR,SURYAPET KHAMMAM ROAD PRIVATE LIMITED,SURYAPET KHAMMAM ROAD PRIVATE LIMITED
INE08BT,MANCHERIAL REPALLEWADA ROAD PRIVATE LIMITED,MANCHERIAL REPALLEWADA ROAD PRIVATE LIMITED
INE08E8,SHRI RAM FINANCE CORPORATION PRIVATE LIMITED,SHRI RAM FINANCE CORPORATION PRIVATE LIMITED
INE08EQ,GUJARAT STATE INVESTMENTS LIMITED,GUJARAT STATE INVESTMENTS LIMITED
INE08KJ,MUFIN GREEN FINANCE LIMITED,MUFIN GREEN FINANCE LIMITED
INE08X5,BHANIX FINANCE AND INVESTMENT LIMITED,BHANIX FINANCE AND INVESTMENT LIMITED
INE08XA,FINSTARS CAPITAL LIMITED,FINSTARS CAPITAL LIMITED
INE08XP,AKARA CAPITAL ADVISORS PRIVATE LIMITED,AKARA CAPITAL ADVISORS PRIVATE LIMITED
INE08Z6,VASTU FINSERVE INDIA PRIVATE LIMITED,VASTU FINSERVE INDIA PRIVATE LIMITED
INE090A,ICICI GROUP,ICICI GROUP
INE090H,DSP MERRILL LYNCH CAPITAL,DSP MERRILL LYNCH CAPITAL
INE090W,LENDINGKART FINANCE LIMITED,LENDINGKART FINANCE LIMITED
INE091A,NIRMA LIMITED,NIRMA LIMITED
INE091D,PUNJAB INFRASTRUCTURE DEVELOPMENT BOARD,PUNJAB INFRASTRUCTURE DEVELOPMENT BOARD
INE092A,TATA GROUP,TATA GROUP
INE092T,IDFC FIRST BANK LIMITED,IDFC FIRST BANK LIMITED
INE092V,HDFC GROUP,HDFC GROUP
INE093I,OBEROI REALTY LIMITED,OBEROI REALTY LIMITED
INE093J,ANAND RATHI GLOBAL FINANCE LIMITED,ANAND RATHI GLOBAL FINANCE LIMITED
INE094A,HINDUSTAN PETROLEUM CORPORATION LIMITED,HINDUSTAN PETROLEUM CORPORATION LIMITED
INE094I,KOLTE-PATIL DEVELOPERS LIMITED,KOLTE-PATIL DEVELOPERS LIMITED
INE094O,DAIMLER FINANCIAL SERVICES INDIA PRIVATE LTD,DAIMLER FINANCIAL SERVICES INDIA PRIVATE LTD
INE095A,INDUSIND BANK LIMITED,INDUSIND BANK LIMITED
INE097C,TATA GROUP,TATA GROUP
INE097P,EDISONS INFRAPOWER & MULTIVENTURES PRIVATE LIMITED,EDISONS INFRAPOWER & MULTIVENTURES PRIVATE LIMITED
INE097T,OMKAR REALTORS PROJECTS PRIVATE LIMITED,OMKAR REALTORS PROJECTS PRIVATE LIMITED
INE098T,MARVEL SIGMA HOMES PRIVATE LIMITED,MARVEL SIGMA HOMES PRIVATE LIMITED
INE0993,JMFARC - FABRICS JUNE 2019 1 TRUST,JMFARC - FABRICS JUNE 2019 1 TRUST
INE09BC,STRITON PROPERTIES PRIVATE LIMITED,STRITON PROPERTIES PRIVATE LIMITED
INE0A0Q,AVANCE TECHNOHUB PRIVATE LIMITED,AVANCE TECHNOHUB PRIVATE LIMITED
INE0A30,WESTERN CAPITAL ADVISORS PRIVATE LIMITED,WESTERN CAPITAL ADVISORS PRIVATE LIMITED
INE0A4V,APARAJITHA CORPORATE SERVICES PRIVATE LIMITED,APARAJITHA CORPORATE SERVICES PRIVATE LIMITED
INE0AD5,ASEEM INFRASTRUCTURE FINANCE LIMITED,ASEEM INFRASTRUCTURE FINANCE LIMITED
INE0AED,AI ASSETS HOLDING LIMITED,AI ASSETS HOLDING LIMITED
INE0AN4,RARE ARC 042 TRUST,RARE ARC 042 TRUST
INE0AN7,ACRE - 90 - TRUST,ACRE - 90 - TRUST
INE0AS9,ABARC-AST-002-TRUST,ABARC-AST-002-TRUST
INE0AXE,REDDY VEERANNA INVESTMENTS PRIVATE LIMITED,REDDY VEERANNA INVESTMENTS PRIVATE LIMITED
INE0AY2,RENSERV GLOBAL PRIVATE LIMITED,RENSERV GLOBAL PRIVATE LIMITED
INE0AZ9,ADVANCED PERFORMANCE MATERIALS PRIVATE LIMITED,ADVANCED PERFORMANCE MATERIALS PRIVATE LIMITED
INE0B0P,JCFARC TRUST 2019-20/2,JCFARC TRUST 2019-20/2
INE0B3K,CASA GRANDE GRACE PRIVATE LIMITED,CASA GRANDE GRACE PRIVATE LIMITED
INE0BBH,APEX HOMES PRIVATE LIMITED,APEX HOMES PRIVATE LIMITED
INE0BDO,JCFARC TRUST 2019-20/3,JCFARC TRUST 2019-20/3
INE0BFM,INDIA RESURGENCE ARC TRUST II,INDIA RESURGENCE ARC TRUST II
INE0BJR,WRSS XXI (A) TRANSCO LIMITED,WRSS XXI (A) TRANSCO LIMITED
INE0BNQ,AVANTI FINANCE PRIVATE LIMITED,AVANTI FINANCE PRIVATE LIMITED
INE0BO7,OMKARA PS18/2019-20 TRUST,OMKARA PS18/2019-20 TRUST
INE0BTV,FIRST BUSINESS RECEIVABLES TRUST,FIRST BUSINESS RECEIVABLES TRUST
INE0BUS,INDEL MONEY  LIMITED,INDEL MONEY  LIMITED
INE0BWS,ALTIUS TELECOM INFRASTRUCTURE TRUST,ALTIUS TELECOM INFRASTRUCTURE TRUST
INE0BXU,JCFARC TRUST 2019-20/4,JCFARC TRUST 2019-20/4
INE0C02,EARC TRUST -SC 388,EARC TRUST -SC 388
INE0C0E,INDEL CORPORATION PRIVATE LIMITED,INDEL CORPORATION PRIVATE LIMITED
INE0C3F,MOBIL TRUST SERIES - 07,MOBIL TRUST SERIES - 07
INE0C52,LAKADIA BANASKANTHA TRANSCO LIMITED,LAKADIA BANASKANTHA TRANSCO LIMITED
INE0CCU,MINDSPACE BUSINESS PARKS REIT,MINDSPACE BUSINESS PARKS REIT
INE0CEK,CASAGRAND PREMIER BUILDER LIMITED,CASAGRAND PREMIER BUILDER LIMITED
INE0CLM,RARE ARC 046 TRUST,RARE ARC 046 TRUST
INE0CLN,RARE ARC 047 TRUST,RARE ARC 047 TRUST
INE0D3N,EARC TRUST - SC 404,EARC TRUST - SC 404
INE0D73,ACRE-100-TRUST,ACRE-100-TRUST
INE0D8F,OPG POWER GENERATION PRIVATE LIMITED,OPG POWER GENERATION PRIVATE LIMITED
INE0DBJ,MIZUHO CAPSAVE FINANCE PRIVATE LIMITED,MIZUHO CAPSAVE FINANCE PRIVATE LIMITED
INE0DFO,LANCO SOLAR (GUJARAT) PRIVATE LIMITED,LANCO SOLAR (GUJARAT) PRIVATE LIMITED
INE0DMM,FORTUNE EMPRESA PRIVATE LIMITED,FORTUNE EMPRESA PRIVATE LIMITED
INE0DZE,KISETSU SAISON FINANCE (INDIA) PRIVATE LIMITED,KISETSU SAISON FINANCE (INDIA) PRIVATE LIMITED
INE0E0L,CSL TITAN III 2020,CSL TITAN III 2020
INE0EIH,JCFARC TRUST 2019-20/5,JCFARC TRUST 2019-20/5
INE0F87,STERLITE GRID 13 LIMITED,STERLITE GRID 13 LIMITED
INE0FDW,STERLITE GRID 29 LIMITED,STERLITE GRID 29 LIMITED
INE0FEZ,STERLITE GRID 14 LIMITED,STERLITE GRID 14 LIMITED
INE0FF0,STERLITE GRID 18 LIMITED,STERLITE GRID 18 LIMITED
INE0FST,LONE FURROW INVESTMENTS PRIVATE LIMITED,LONE FURROW INVESTMENTS PRIVATE LIMITED
INE0FWE,LIQUID GOLD SERIES 3 DEC 2020,LIQUID GOLD SERIES 3 DEC 2020
INE0GCN,ADANI GROUP,ADANI GROUP
INE0GI1,OMKARA PS 16/2020-21 TRUST,OMKARA PS 16/2020-21 TRUST
INE0GN5,RETAIL SECURITISATION OPPORTUNITIES TRUST,RETAIL SECURITISATION OPPORTUNITIES TRUST
INE0GS0,CHENGALPATTU LOGISTICS PARKS PRIVATE LIMITED,CHENGALPATTU LOGISTICS PARKS PRIVATE LIMITED
INE0GSX,LIQUID GOLD SERIES 4,LIQUID GOLD SERIES 4
INE0GUG,OMKARA PS20/2020-21 TRUST,OMKARA PS20/2020-21 TRUST
INE0GVF,GHAZIABAD NAGAR NIGAM,GHAZIABAD NAGAR NIGAM
INE0GX1,PRUDENT TRUST 49/21,PRUDENT TRUST 49/21
INE0GXL,NAVI TECHNOLOGIES LIMITED,NAVI TECHNOLOGIES LIMITED
INE0GYU,VIRESCENT RENEWABLE ENERGY TRUST,VIRESCENT RENEWABLE ENERGY TRUST
INE0H7E,RADIANCE RENEWABLES PRIVATE LIMITED,RADIANCE RENEWABLES PRIVATE LIMITED
INE0H7R,NATIONAL HIGHWAYS INFRA TRUST,NATIONAL HIGHWAYS INFRA TRUST
INE0HD8,EVANGELOS VENTURES PRIVATE LIMITED,EVANGELOS VENTURES PRIVATE LIMITED
INE0HHH,NORTHERN ARC 2021 SBL VEGETA,NORTHERN ARC 2021 SBL VEGETA
INE0HLG,OMKARA PS28/2020-21 TRUST,OMKARA PS28/2020-21 TRUST
INE0HNM,NORTHERN ARC 2021 SBL SIERRA,NORTHERN ARC 2021 SBL SIERRA
INE0HNQ,OMKARA PS22/2020-21 TRUST,OMKARA PS22/2020-21 TRUST
INE0HQR,GROWW INVEST TECH PRIVATE LIMITED,GROWW INVEST TECH PRIVATE LIMITED
INE0I1C,ALDER RESIDENCY PRIVATE LIMITED,ALDER RESIDENCY PRIVATE LIMITED
INE0I9Z,RARE EQUITY PRIVATE LIMITED,RARE EQUITY PRIVATE LIMITED
INE0ICN,CREDAVENUE KYRIE 06 2021,CREDAVENUE KYRIE 06 2021
INE0IK4,HYDERABAD JABILLI PROPERTIES PRIVATE LIMITED,HYDERABAD JABILLI PROPERTIES PRIVATE LIMITED
INE0IQ5,OMKARA PS09/2021-22 TRUST,OMKARA PS09/2021-22 TRUST
INE0IX2,NAMDEV FINVEST PRIVATE LIMITED,NAMDEV FINVEST PRIVATE LIMITED
INE0J7Q,DME DEVELOPMENT LIMITED,DME DEVELOPMENT LIMITED
INE0JAH,SAVE MICROFINANCE PRIVATE LIMITED,SAVE MICROFINANCE PRIVATE LIMITED
INE0JGV,MORTGAGE LAP SECURITIZATION TRUST,MORTGAGE LAP SECURITIZATION TRUST
INE0JKS,GREENKO RJ01 IREP PRIVATE LIMITED,GREENKO RJ01 IREP PRIVATE LIMITED
INE0JMT,OMKARA PS26/2021-22 TRUST,OMKARA PS26/2021-22 TRUST
INE0JZO,LUCINA LAND DEVELOPMENT LIMITED,LUCINA LAND DEVELOPMENT LIMITED
INE0JZY,OMKARA PS22/2021-22 TRUST,OMKARA PS22/2021-22 TRUST
INE0K4J,KALPATARU PROPERTIES PRIVATE LIMITED,KALPATARU PROPERTIES PRIVATE LIMITED
INE0KDR,SDC TOWNSHIP PRIVATE LIMITED,SDC TOWNSHIP PRIVATE LIMITED
INE0KNX,AYYAPPA DEVELOPERS PRIVATE LIMITED,AYYAPPA DEVELOPERS PRIVATE LIMITED
INE0KPD,THANE CREEK BRIDGE INFRASTRUCTURE LIMITED,THANE CREEK BRIDGE INFRASTRUCTURE LIMITED
INE0KUG,NATIONAL BANK FOR FINANCING INFRASTRUCTURE AND DEVELOPMENT,NATIONAL BANK FOR FINANCING INFRASTRUCTURE AND DEVELOPMENT
INE0KXY,VERTIS INFRASTRUCTURE TRUST,VERTIS INFRASTRUCTURE TRUST
INE0LBY,AAKASH NIRMAN UDYOG PRIVATE LIMITED,AAKASH NIRMAN UDYOG PRIVATE LIMITED
INE0LEQ,SARVAGRAM FINCARE PRIVATE LIMITED,SARVAGRAM FINCARE PRIVATE LIMITED
INE0LN1,CREDIT WISE CAPITAL PRIVATE LIMITED,CREDIT WISE CAPITAL PRIVATE LIMITED
INE0M1Q,MAGNITE DEVELOPERS PRIVATE LIMITED,MAGNITE DEVELOPERS PRIVATE LIMITED
INE0M23,ANDHRA PRADESH STATE BEVERAGES CORPORATION LIMITED,ANDHRA PRADESH STATE BEVERAGES CORPORATION LIMITED
INE0M8D,ADITYA BIRLA DIGITAL FASHION VENTURES LIMITED,ADITYA BIRLA DIGITAL FASHION VENTURES LIMITED
INE0MHC,WHIZDM FINANCE PRIVATE LIMITED,WHIZDM FINANCE PRIVATE LIMITED
INE0MYJ,PROGFIN PRIVATE LIMITED,PROGFIN PRIVATE LIMITED
INE0MYQ,RF TRUST 4,RF TRUST 4
INE0N5S,SAMUNNATI FINANCE PRIVATE LIMITED,SAMUNNATI FINANCE PRIVATE LIMITED
INE0NDH,NEXUS SELECT TRUST,NEXUS SELECT TRUST
INE0NES,KEERTANA FINSERV LIMITED,KEERTANA FINSERV LIMITED
INE0NQQ,STELLAR TRUST SEPTEMBER 2022,STELLAR TRUST SEPTEMBER 2022
INE0NR6,CUBE HIGHWAYS TRUST,CUBE HIGHWAYS TRUST
INE0NRM,GMR SPORTS VENTURE PRIVATE LIMITED,GMR SPORTS VENTURE PRIVATE LIMITED
INE0NS3,ML TRUST 7,ML TRUST 7
INE0O7U,UNIGOLD FINANCE LIMITED,UNIGOLD FINANCE LIMITED
INE0OEW,OMKARA PS06/2022-23 TRUST,OMKARA PS06/2022-23 TRUST
INE0ONG,NTPC GREEN ENERGY LIMITED,NTPC GREEN ENERGY LIMITED
INE0OOQ,TRUE CREDITS PRIVATE LIMITED,TRUE CREDITS PRIVATE LIMITED
INE0OYG,RELIANCE GROUP,RELIANCE GROUP
INE0P1K,PIMPRI CHINCHWAD MUNICIPAL CORPORATION,PIMPRI CHINCHWAD MUNICIPAL CORPORATION
INE0P3M,HELLA CHEMICAL MARKET PRIVATE LIMITED,HELLA CHEMICAL MARKET PRIVATE LIMITED
INE0P6G,HELLA INFRA MARKET RETAIL PRIVATE LIMITED,HELLA INFRA MARKET RETAIL PRIVATE LIMITED
INE0PBP,NVA ASSET 1 TRUST,NVA ASSET 1 TRUST
INE0PCP,SAISRUSHTI (DEVANAHALLI-LAKSHMIPURA) PROJECTS PRIVATE LIMITED,SAISRUSHTI (DEVANAHALLI-LAKSHMIPURA) PROJECTS PRIVATE LIMITED
INE0PFA,NSPIRA MANAGEMENT SERVICES PRIVATE LIMITED,NSPIRA MANAGEMENT SERVICES PRIVATE LIMITED
INE0PFD,SSL INFRASTRUCTURE PRIVATE LIMITED,SSL INFRASTRUCTURE PRIVATE LIMITED
INE0PGQ,EARC TRUST-SC 452,EARC TRUST-SC 452
INE0PM7,MPOKKET FINANCIAL SERVICES PRIVATE LIMITED,MPOKKET FINANCIAL SERVICES PRIVATE LIMITED
INE0PWP,GALAXY 02 2023,GALAXY 02 2023
INE0Q6I,TYGER HOME FINANCE PRIVATE LIMITED,TYGER HOME FINANCE PRIVATE LIMITED
INE0QCL,REAL ESTATE MAY 2023 TRUST,REAL ESTATE MAY 2023 TRUST
INE0QJZ,GMR INFRA PROJECTS PRIVATE LIMITED,GMR INFRA PROJECTS PRIVATE LIMITED
INE0QOA,CORONA REALTORS PRIVATE LIMITED,CORONA REALTORS PRIVATE LIMITED
INE0QRF,ABHISHEK PROPERTIES (I) PRIVATE LIMITED,ABHISHEK PROPERTIES (I) PRIVATE LIMITED
INE0R3P,PRUDENT TRUST 87/23,PRUDENT TRUST 87/23
INE0R7Z,PROSPERITY ASSET 9 TRUST,PROSPERITY ASSET 9 TRUST
INE0R8O,SUSTAINABLE ENERGY INFRA TRUST,SUSTAINABLE ENERGY INFRA TRUST
INE0RAC,INDIGO 023,INDIGO 023
INE0RS0,SAGITTARIUS TRUST 08 2022,SAGITTARIUS TRUST 08 2022
INE0RTR,PROSPERITY ASSET 5 TRUST,PROSPERITY ASSET 5 TRUST
INE0RU3,AMBIUM FINSERVE LIMITED,AMBIUM FINSERVE LIMITED
INE0RVK,GMR CONSULTING SERVICES LIMITED,GMR CONSULTING SERVICES LIMITED
INE0SOA,DMIPTC1,DMIPTC1
INE0TCH,CFMARC TRUST-119,CFMARC TRUST-119
INE0TJ2,GREENKO UP01 IREP PRIVATE LIMITED,GREENKO UP01 IREP PRIVATE LIMITED
INE0TJA,WOODLAND TRUST 12 2023,WOODLAND TRUST 12 2023
INE0TLC,THE ANDHRA PRADESH MINERAL DEVELOPMENT CORPORATION LIMITED,THE ANDHRA PRADESH MINERAL DEVELOPMENT CORPORATION LIMITED
INE0TWY,ASOLKAR TRADECRAFT PRIVATE LIMITED,ASOLKAR TRADECRAFT PRIVATE LIMITED
INE0U0U,MATRIX PHARMA PRIVATE LIMITED,MATRIX PHARMA PRIVATE LIMITED
INE0U7T,GRIP NVA ASSET 2,GRIP NVA ASSET 2
INE0U9A,PORTEAST INVESTMENT PRIVATE LIMITED,PORTEAST INVESTMENT PRIVATE LIMITED
INE0UM8,NAMI 03 2024,NAMI 03 2024
INE0UQJ,VAJRA 007 TRUST,VAJRA 007 TRUST
INE0V4H,A-ONE GOLD PIPES AND TUBES PRIVATE LIMITED,A-ONE GOLD PIPES AND TUBES PRIVATE LIMITED
INE0VCN,KIPLATFORM DIVINE MARCH 2024,KIPLATFORM DIVINE MARCH 2024
INE0WTI,EDESIA CONSTRUCTIONS LIMITED,EDESIA CONSTRUCTIONS LIMITED
INE0WVY,GRIP PROSPERITY ASSET 1,GRIP PROSPERITY ASSET 1
INE0X43,RADIANCE RENEWABLE PROJECTS PRIVATE LIMITED,RADIANCE RENEWABLE PROJECTS PRIVATE LIMITED
INE0XP8,GRIPX SAGE 06 2024,GRIPX SAGE 06 2024
INE0Y9H,EMBASSY INDUSTRIAL PARK HOSUR PRIVATE LIMITED,EMBASSY INDUSTRIAL PARK HOSUR PRIVATE LIMITED
INE0YD5,PROSPERITY ASSET 8 TRUST,PROSPERITY ASSET 8 TRUST
INE0YOO,PANVEL LOGISTICS AND WAREHOUSING SOLUTIONS PRIVATE LIMITED,PANVEL LOGISTICS AND WAREHOUSING SOLUTIONS PRIVATE LIMITED
INE0YRB,ADANI GROUP,ADANI GROUP
INE0YTY,REGREEN-EXCEL EPC INDIA LIMITED,REGREEN-EXCEL EPC INDIA LIMITED
INE0Z48,CYQURE INDIA PRIVATE LIMITED,CYQURE INDIA PRIVATE LIMITED
INE0Z4M,EMERGING JUNE-2024,EMERGING JUNE-2024
INE0Z5E,RARE ARC 069 TRUST,RARE ARC 069 TRUST
INE0Z9A,LOANX AGRI TRUST,LOANX AGRI TRUST
INE100D,W S INDUSTRIES (INDIA) LIMITED,W S INDUSTRIES (INDIA) LIMITED
INE101A,MAHINDRA AND MAHINDRA LIMITED,MAHINDRA AND MAHINDRA LIMITED
INE101I,AFCONS INFRASTRUCTURE LIMITED,AFCONS INFRASTRUCTURE LIMITED
INE101Q,MUTHOOTTU MINI FINANCIERS LTD,MUTHOOTTU MINI FINANCIERS LTD
INE102D,GODREJ CONSUMER,GODREJ CONSUMER
INE103A,MANGALORE REFINERY AND PETROCHEMICALS LIMITED,MANGALORE REFINERY AND PETROCHEMICALS LIMITED
INE103C,SMC GLOBAL SECURITIES LIMITED,SMC GLOBAL SECURITIES LIMITED
INE103D,BHARAT SANCHAR NIGAM LIMITED,BHARAT SANCHAR NIGAM LIMITED
INE103G,RAJASTHAN FINANCIAL CORPORATION,RAJASTHAN FINANCIAL CORPORATION
INE103S,KARVY REALTY (INDIA) LIMITED,KARVY REALTY (INDIA) LIMITED
INE104W,KANAKADURGA FINANCE LTD,KANAKADURGA FINANCE LTD
INE105N,ORIENTAL NAGPUR BETUL HIGHWAY LIMITED,ORIENTAL NAGPUR BETUL HIGHWAY LIMITED
INE107A,TN NEWSPRINT,TN NEWSPRINT
INE108N,QUALITY CARE INDIA LIMITED,QUALITY CARE INDIA LIMITED
INE109C,ARMAN FINANCIAL SERVICES LIMITED,ARMAN FINANCIAL SERVICES LIMITED
INE10R4,SHREEJI INFINITY PRIVATE LIMITED,SHREEJI INFINITY PRIVATE LIMITED
INE10VT,VAJRA 012 TRUST,VAJRA 012 TRUST
INE10W1,AZURILL 07 2024,AZURILL 07 2024
INE110D,GUJARAT NRE COKE LIMITED,GUJARAT NRE COKE LIMITED
INE110L,RELIANCE GROUP,RELIANCE GROUP
INE112A,CORPORATION BANK,CORPORATION BANK
INE112H,ARCIL-CPS-002-VII TRUST,ARCIL-CPS-002-VII TRUST
INE114A,STEEL AUTHORITY OF INDIA LIMITED,STEEL AUTHORITY OF INDIA LIMITED
INE115A,LIC GROUP,LIC GROUP
INE115D,NTPC-SAIL POWER COMPANY LIMITED,NTPC-SAIL POWER COMPANY LIMITED
INE116F,PANATONE FINVEST LIMITED,PANATONE FINVEST LIMITED
INE117E,AHMEDABAD MUNICIPAL CORPORATION,AHMEDABAD MUNICIPAL CORPORATION
INE117Y,UM AUTOCOMP PRIVATE LIMITED,UM AUTOCOMP PRIVATE LIMITED
INE118D,NUVOCO VISTAS CORPORATION LIMITED,NUVOCO VISTAS CORPORATION LIMITED
INE118J,SOMA ENTERPRISE LIMITED,SOMA ENTERPRISE LIMITED
INE11G5,SERENESUMMIT REALTY PRIVATE LIMITED,SERENESUMMIT REALTY PRIVATE LIMITED
INE120Y,PLATINUM HOLDINGS PRIVATE LIMITED,PLATINUM HOLDINGS PRIVATE LIMITED
INE121A,CHOLAMANDALAM INVESTMENT AND FIN. CO. LTD,CHOLAMANDALAM INVESTMENT AND FIN. CO. LTD
INE121E,JSW ENERGY LIMITED,JSW ENERGY LIMITED
INE121H,IL,IL
INE121X,SP IMPERIAL STAR PRIVATE LIMITED,SP IMPERIAL STAR PRIVATE LIMITED
INE122H,TULIP TELECOM LIMITED,TULIP TELECOM LIMITED
INE122T,DEV INFRACITY PRIVATE LIMITED,DEV INFRACITY PRIVATE LIMITED
INE124D,INDUSIND GENERAL INSURANCE COMPANY LIMITED,INDUSIND GENERAL INSURANCE COMPANY LIMITED
INE124N,ESS KAY FINCORP LIMITED,ESS KAY FINCORP LIMITED | SK FINANCE LIMITED
INE125L,SHREENIWAS COTTON MILLS LIMITED,SHREENIWAS COTTON MILLS LIMITED
INE125T,VARTHANA FINANCE PRIVATE LIMITED,VARTHANA FINANCE PRIVATE LIMITED
INE126A,E.I.D. PARRY (INDIA) LIMITED,E.I.D. PARRY (INDIA) LIMITED
INE126D,RELIANCE GROUP,RELIANCE GROUP
INE126O,LODHA DEVELOPERS PRIVATE LIMITED,LODHA DEVELOPERS PRIVATE LIMITED
INE126X,CYQUATOR MEDIA SERVICES PRIVATE LIMITED,CYQUATOR MEDIA SERVICES PRIVATE LIMITED
INE127V,PARAMPUJYA SOLAR ENERGY PRIVATE LIMITED,PARAMPUJYA SOLAR ENERGY PRIVATE LIMITED
INE128M,L&T METRO RAIL (HYDERABAD) LIMITED,L&T METRO RAIL (HYDERABAD) LIMITED
INE128S,FIVE-STAR BUSINESS FINANCE LIMITED,FIVE-STAR BUSINESS FINANCE LIMITED
INE129A,GAIL (INDIA) LIMITED,GAIL (INDIA) LIMITED
INE129L,OB INFRASTRUCTURE LIMITED,OB INFRASTRUCTURE LIMITED
INE12VA,BRANCH INTERNATIONAL FINANCIAL SERVICES PRIVATE LIMITED,BRANCH INTERNATIONAL FINANCIAL SERVICES PRIVATE LIMITED
INE130C,AMTEK AUTO LIMITED,AMTEK AUTO LIMITED
INE134E,PFC GROUP,PFC GROUP
INE135X,ADANI GROUP,ADANI GROUP
INE135Y,GP WIND (JANGI) PRIVATE LIMITED,GP WIND (JANGI) PRIVATE LIMITED
INE136E,CITICORP FINANCE (INDIA) LIMITED,CITICORP FINANCE (INDIA) LIMITED
INE136S,NEOGEN CHEMICALS LIMITED,NEOGEN CHEMICALS LIMITED
INE137G,DECCAN CHRONICL,DECCAN CHRONICL | DECCAN CHRONICLE HOLDINGS LTD
INE137K,HPCL-MITTAL ENERGY LIMITED,HPCL-MITTAL ENERGY LIMITED
INE138A,PENINSULA LAND LIMITED,PENINSULA LAND LIMITED
INE138Y,KFIN TECHNOLOGIES PRIVATE LIMITED,KFIN TECHNOLOGIES PRIVATE LIMITED
INE139F,KONKAN RAILWAY CORPORATION LIMITED,KONKAN RAILWAY CORPORATION LIMITED
INE139R,FUSION FINANCE LIMITED,FUSION FINANCE LIMITED | FUSION MICRO FINANCE LIMITED
INE139S,RENEW SOLAR POWER PRIVATE LIMITED,RENEW SOLAR POWER PRIVATE LIMITED
INE140A,PIRAMAL ENTERPRISES LIMITED,PIRAMAL ENTERPRISES LIMITED
INE140R,CHAITANYA INDIA FIN CREDIT PRIVATE LIMITED,CHAITANYA INDIA FIN CREDIT PRIVATE LIMITED
INE141A,ORIENTAL BANK OF COMMERCE,ORIENTAL BANK OF COMMERCE
INE141R,JMFARC - HOTELS JUNE 2014 -TRUST,JMFARC - HOTELS JUNE 2014 -TRUST
INE144H,DEUTSCHE INVESTMENTS INDIA PRIVATELIMITED,DEUTSCHE INVESTMENTS INDIA PRIVATELIMITED
INE144Q,ILD MILLENIUM PRIVATE LIMITED,ILD MILLENIUM PRIVATE LIMITED
INE146O,HINDUJA LEYLAND FINANCE LIMITED,HINDUJA LEYLAND FINANCE LIMITED
INE148I,INDIABULLS HOUSING FINANCE LIMITED,INDIABULLS HOUSING FINANCE LIMITED
INE148L,DEEPAK FASTENERS LIMITED,DEEPAK FASTENERS LIMITED
INE148R,RELIANCE GROUP,RELIANCE GROUP
INE148T,CASA GRANDE CIVIL EGINEERING PRIVATE LIMITED,CASA GRANDE CIVIL EGINEERING PRIVATE LIMITED
INE149A,TUBE INVESTMENTS OF INDIA LIMITED,TUBE INVESTMENTS OF INDIA LIMITED
INE14F2,MARILL 2024,MARILL 2024
INE14H4,FINNABLE CREDIT PRIVATE LIMITED,FINNABLE CREDIT PRIVATE LIMITED
INE150Q,ASSOTECH LIMITED,ASSOTECH LIMITED
INE151A,TATA GROUP,TATA GROUP
INE151N,REDKITE CAPITAL PRIVATE LIMITED,REDKITE CAPITAL PRIVATE LIMITED
INE151P,MASTERWAY CONSULTANTS LIMITED,MASTERWAY CONSULTANTS LIMITED
INE152D,NUMALIGARH REFINERY LTD,NUMALIGARH REFINERY LTD
INE152H,ARCIL-PARASRAMPURIA SYNTHETICS LTD TRUST,ARCIL-PARASRAMPURIA SYNTHETICS LTD TRUST
INE153A,MAHANAGAR TELEPHONE NIGAM LIMITED,MAHANAGAR TELEPHONE NIGAM LIMITED
INE154Z,RENEW SOLAR ENERGY (JHARKHAND FIVE) PRIVATE LIMITED,RENEW SOLAR ENERGY (JHARKHAND FIVE) PRIVATE LIMITED
INE155A,TATA GROUP,TATA GROUP
INE157D,CLIX CAPITAL SERVICES PRIVATE LIMITED,CLIX CAPITAL SERVICES PRIVATE LIMITED
INE159D,SISTEMA SMART TECHNOLOGIES LIMITED,SISTEMA SMART TECHNOLOGIES LIMITED
INE160A,PUNJAB NATIONAL BANK,PUNJAB NATIONAL BANK
INE161A,NIIT,NIIT
INE161J,BILT GRAPHIC PAPER PRODUCTS LTD,BILT GRAPHIC PAPER PRODUCTS LTD
INE161O,JAIN HEIGHTS & STRUCTURES PRIVATE LIMITED,JAIN HEIGHTS & STRUCTURES PRIVATE LIMITED
INE161Q,COFFEE DAY CONSOLIDATIONS PVT LTD,COFFEE DAY CONSOLIDATIONS PVT LTD
INE162T,AVIGNA PROPERTIES PRIVATE LIMITED,AVIGNA PROPERTIES PRIVATE LIMITED
INE163K,PHOENIX ARC PRIVATE LIMITED,PHOENIX ARC PRIVATE LIMITED
INE163N,ONGC PETRO ADDITIONS LIMITED,ONGC PETRO ADDITIONS LIMITED
INE163R,NRSS XXXI (B) TRANSMISSION LIMITED,NRSS XXXI (B) TRANSMISSION LIMITED
INE165K,JHAJJAR POWER LIMITED,JHAJJAR POWER LIMITED
INE166A,ING VYSYA BANK LIMITED,ING VYSYA BANK LIMITED
INE167E,PANYAM CEMENTS & MINERAL INDUSTRIES LIMITED,PANYAM CEMENTS & MINERAL INDUSTRIES LIMITED
INE168A,THE JAMMU AND KASHMIR BANK LIMITED,THE JAMMU AND KASHMIR BANK LIMITED
INE168R,ALLIANCE INFRASTRUCTURE PROJECTS PRIVATE LIMITED,ALLIANCE INFRASTRUCTURE PROJECTS PRIVATE LIMITED
INE168X,NATIONAL INSURANCE COMPANY LIMITED,NATIONAL INSURANCE COMPANY LIMITED
INE170M,SHAPOORJI PALLONJI ENERGY (GUJARAT) PVT LTD,SHAPOORJI PALLONJI ENERGY (GUJARAT) PVT LTD
INE171A,THE FEDERAL BANK LIMITED,THE FEDERAL BANK LIMITED
INE172V,HOME CREDIT INDIA FINANCE PRIVATE LIMITED,HOME CREDIT INDIA FINANCE PRIVATE LIMITED
INE173L,MAHARASHTRA AIRPORT DEVELOPMENT CO. LTD.,MAHARASHTRA AIRPORT DEVELOPMENT CO. LTD.
INE174G,MECON LTD,MECON LTD
INE174J,KANAKIA SPACES PRIVATE LIMITED,KANAKIA SPACES PRIVATE LIMITED
INE175K,MORGAN STANLEY INDIA CAPITAL PVT LT,MORGAN STANLEY INDIA CAPITAL PVT LT
INE177L,EMAS EXPRESSWAY PVT LTD,EMAS EXPRESSWAY PVT LTD
INE177R,AVENDUS FINANCE PRIVATE LIMITED,AVENDUS FINANCE PRIVATE LIMITED
INE178A,CHENNAI PETROLEUM CORPORATION LTD.,CHENNAI PETROLEUM CORPORATION LTD.
INE178V,ALEKHYA PROPERTY DEVELOPMENTS PRIVATE LIMITED,ALEKHYA PROPERTY DEVELOPMENTS PRIVATE LIMITED
INE179J,BIRLA TMT HOLDINGS PVT LTD,BIRLA TMT HOLDINGS PVT LTD
INE179P,DVARA KSHETRIYA GRAMIN FINANCIAL SERVICES PRIVATE LIMITED,DVARA KSHETRIYA GRAMIN FINANCIAL SERVICES PRIVATE LIMITED
INE179X,INNOVATION TRUST XXVII MAR 2017,INNOVATION TRUST XXVII MAR 2017
INE17IO,VOUCHAGRAM INDIA PRIVATE LIMITED,VOUCHAGRAM INDIA PRIVATE LIMITED
INE17VL,INVOICEX 5 TRUST,INVOICEX 5 TRUST
INE180C,CAPRI GLOBAL CAPITAL LIMITED,CAPRI GLOBAL CAPITAL LIMITED
INE180K,SKS MICROFINANCE LIMITED,SKS MICROFINANCE LIMITED
INE182F,ARCH PHARMALABS LIMITED,ARCH PHARMALABS LIMITED
INE183A,FINOLEX INDUSTRIES LIMITED,FINOLEX INDUSTRIES LIMITED
INE185R,HALDHAR DEVELOPERS PRIVATE LIMITED,HALDHAR DEVELOPERS PRIVATE LIMITED
INE186K,DLF CYBER CITY DEVELOPERS LTD,DLF CYBER CITY DEVELOPERS LTD
INE186N,EQUITAS SMALL FINANCE BANK LIMITED,EQUITAS SMALL FINANCE BANK LIMITED
INE186T,CEEAR REALTY & INFRASTRUCTURE PRIVATE LIMITED,CEEAR REALTY & INFRASTRUCTURE PRIVATE LIMITED
INE187A,JBF INDUSTRIES LIMITED,JBF INDUSTRIES LIMITED
INE187C,MURUGAPPA HOLDINGS LIMITED,MURUGAPPA HOLDINGS LIMITED
INE18DT,AZUMARILL PL 2024,AZUMARILL PL 2024
INE18UV,BAJAJ AUTO CREDIT LIMITED,BAJAJ AUTO CREDIT LIMITED
INE18YR,OMKARA PS 13/2024-25 TRUST,OMKARA PS 13/2024-25 TRUST
INE18YW,AZALEA 2024,AZALEA 2024
INE191B,WELSPUN CORP LIMITED,WELSPUN CORP LIMITED
INE191H,PVR LIMITED,PVR LIMITED
INE191I,HOUSING DEVELOPMENT AND INFRASTRUCTURE LIMITED,HOUSING DEVELOPMENT AND INFRASTRUCTURE LIMITED
INE192A,TATA GROUP,TATA GROUP
INE192L,JSW TECHNO PROJECTS MANAGEMENT LIMITED,JSW TECHNO PROJECTS MANAGEMENT LIMITED
INE192M,SHAPOORJI PALLONJI INFRASTRUCTURE CAPITAL COMPANY PRIVATE LIMITED,SHAPOORJI PALLONJI INFRASTRUCTURE CAPITAL COMPANY PRIVATE LIMITED
INE192R,AVENUE SUPERMARTS LIMITED,AVENUE SUPERMARTS LIMITED
INE192U,KOGTA FINANCIAL (INDIA) LIMITED,KOGTA FINANCIAL (INDIA) LIMITED
INE193E,BAJAJ ELECTRICALS LIMITED,BAJAJ ELECTRICALS LIMITED
INE195M,MYTRAH ENERGY (INDIA) PRIVATE LIMITED,MYTRAH ENERGY (INDIA) PRIVATE LIMITED
INE195S,SUNNY VIEW ESTATES PRIVATE LIMITED,SUNNY VIEW ESTATES PRIVATE LIMITED
INE196A,MARICO LIMITED,MARICO LIMITED
INE197P,A. K. CAPITAL FINANCE LIMITED,A. K. CAPITAL FINANCE LIMITED
INE199G,JAGRAN PRAKASHAN LIMITED,JAGRAN PRAKASHAN LIMITED
INE1BMW,GRIPX MALCOM TRUST NOV 2024,GRIPX MALCOM TRUST NOV 2024
INE1BYO,PHOENIX TRUST-FY25-4,PHOENIX TRUST-FY25-4
INE1C2X,INVOICEX 4 TRUST,INVOICEX 4 TRUST
INE1C32,TELANGANA STATE INDUSTRIAL INFRASTRUCTURE CORPORATION LIMITED,TELANGANA STATE INDUSTRIAL INFRASTRUCTURE CORPORATION LIMITED
INE1CBK,INDIA UNIVERSAL TRUST AL2,INDIA UNIVERSAL TRUST AL2
INE1CCE,MIPL GCL INFRACONTRACT PRIVATE LIMITED,MIPL GCL INFRACONTRACT PRIVATE LIMITED
INE1CKO,BLESSING PROPERTIES PRIVATE LIMITED,BLESSING PROPERTIES PRIVATE LIMITED
INE1CTC,PROSPERITY ASSET 11 TRUST,PROSPERITY ASSET 11 TRUST
INE1D4O,JUBILANT BEVERAGES LIMITED,JUBILANT BEVERAGES LIMITED
INE1D4P,JUBILANT BEVCO LIMITED,JUBILANT BEVCO LIMITED
INE1DKD,RETAIL OPPORTUNITIES HORIZON TRUST,RETAIL OPPORTUNITIES HORIZON TRUST
INE1ECQ,LOANX IRONWOOD DEC24,LOANX IRONWOOD DEC24
INE1EFH,GRIPX BIRCH DEC 2024 TRUST,GRIPX BIRCH DEC 2024 TRUST
INE1EGY,RECEIVABLE SECURITISATION TRUST 6,RECEIVABLE SECURITISATION TRUST 6
INE1EHS,DURELEG MANUFACTURING PRIVATE LIMITED,DURELEG MANUFACTURING PRIVATE LIMITED
INE1EZH,NILKANTH COAL MINING PRIVATE LIMITED,NILKANTH COAL MINING PRIVATE LIMITED
INE1GX2,GROOTS 2024,GROOTS 2024
INE1HBC,NAMO REALTECH PRIVATE LIMITED,NAMO REALTECH PRIVATE LIMITED
INE1J3Z,MG METALLIC ENGINEERING SERVICES PRIVATE LIMITED,MG METALLIC ENGINEERING SERVICES PRIVATE LIMITED
INE1JAR,KNOWLEDGE REALTY TRUST,KNOWLEDGE REALTY TRUST
INE1JMM,LEASEX VALERIAN JAN 25,LEASEX VALERIAN JAN 25
INE1JMT,OMKARA PS 10/2024-25 TRUST,OMKARA PS 10/2024-25 TRUST
INE1KZW,GRIPX CORAL JAN 2025 TRUST,GRIPX CORAL JAN 2025 TRUST
INE1LAZ,INVOICEX 7 TRUST,INVOICEX 7 TRUST
INE1LGZ,QBURST SOFTWARE SERVICES PRIVATE LIMITED,QBURST SOFTWARE SERVICES PRIVATE LIMITED
INE1MX3,GRIPX BIRCH FEB 2025 TRUST,GRIPX BIRCH FEB 2025 TRUST
INE1N2P,AGRA NAGAR NIGAM,AGRA NAGAR NIGAM
INE1O3X,SHANKS 01 2025,SHANKS 01 2025
INE1OK9,VARANASI NAGAR NIGAM,VARANASI NAGAR NIGAM
INE1OUU,LOANX VELVET ASH FEB 2025,LOANX VELVET ASH FEB 2025
INE1PUH,GRIPX SAGE FEB 2025,GRIPX SAGE FEB 2025
INE1QL5,PRAYAGRAJ NAGAR NIGAM,PRAYAGRAJ NAGAR NIGAM
INE1QWF,GREAVES FINANCE LIMITED,GREAVES FINANCE LIMITED
INE1SKA,GREATER CHENNAI CORPORATION,GREATER CHENNAI CORPORATION
INE1U1B,VEERA INFRAHEIGHTS PRIVATE LIMITED,VEERA INFRAHEIGHTS PRIVATE LIMITED
INE1UUH,LOANX SILVERBELL MAR 2025,LOANX SILVERBELL MAR 2025
INE1V1Y,PIONEER TRUST 007,PIONEER TRUST 007
INE1V2E,LOANX VIBURNUM MAR 2025,LOANX VIBURNUM MAR 2025
INE1V4F,VISION ERECTORS PRIVATE LIMITED,VISION ERECTORS PRIVATE LIMITED
INE1VXE,STL NETWORKS LIMITED,STL NETWORKS LIMITED
INE1WNI,KALPATARU TOWNSHIPS PRIVATE LIMITED,KALPATARU TOWNSHIPS PRIVATE LIMITED
INE1YDQ,LOANX KALMIA APR 2025,LOANX KALMIA APR 2025
INE1YNF,GRIPX SAGE MAY 2025,GRIPX SAGE MAY 2025
INE1YNU,STORROSE VYAPAAR PVT LTD,STORROSE VYAPAAR PVT LTD
INE1Z4L,ELAN MALLS PRIVATE LIMITED,ELAN MALLS PRIVATE LIMITED
INE200M,VARUN BEVERAGES LIMITED,VARUN BEVERAGES LIMITED
INE200W,KINARA CAPITAL PRIVATE LIMITED,KINARA CAPITAL PRIVATE LIMITED
INE201P,G R INFRAPROJECTS LIMITED,G R INFRAPROJECTS LIMITED
INE201T,ALM INFOTECH CITY PRIVATE LIMITED,ALM INFOTECH CITY PRIVATE LIMITED
INE202B,DEWAN HOUSING FINANCE CORPORATION LIMITED,DEWAN HOUSING FINANCE CORPORATION LIMITED
INE202E,INDIAN RENEWABLE ENERGY DEVELOPMENT AGENCY LIMITED,INDIAN RENEWABLE ENERGY DEVELOPMENT AGENCY LIMITED
INE205A,VEDANTA LIMITED,VEDANTA LIMITED
INE206D,NUCLEAR POWER CORPORATION OF INDIA LIMITED,NPCIL TX-20 | NUCLEAR POWER CORPORATION OF INDIA LIMITED
INE208A,ASHOK LEYLAND LIMITED,ASHOK LEYLAND LIMITED
INE209W,NARMADA WIND ENERGY PRIVATE LIMITED,NARMADA WIND ENERGY PRIVATE LIMITED
INE20KI,LOANX VELVET ASH MAY 2025,LOANX VELVET ASH MAY 2025
INE20VJ,OPTIONS INFRA PROJECT PRIVATE LIMITED,OPTIONS INFRA PROJECT PRIVATE LIMITED
INE213A,OIL AND NATURAL GAS CORPORATION LIMITED,OIL AND NATURAL GAS CORPORATION LIMITED
INE213W,SMFG INDIA HOME FINANCE COMPANY LIMITED,SMFG INDIA HOME FINANCE COMPANY LIMITED
INE214M,MEDIMATTER HEALTH MANAGEMENT PRIVATE LIMITED,MEDIMATTER HEALTH MANAGEMENT PRIVATE LIMITED
INE214V,YURA BUSINESS PARK PRIVATE LIMITED,YURA BUSINESS PARK PRIVATE LIMITED
INE215T,GULAM MUSTAFA ENTERPRISES PRIVATE LIMITED,GULAM MUSTAFA ENTERPRISES PRIVATE LIMITED
INE216A,BRITANNIA INDUSTRIES LTD,BRITANNIA INDUSTRIES LTD
INE216J,ETHL COMMUNICATIONS HOLDINGS LTD,ETHL COMMUNICATIONS HOLDINGS LTD
INE216L,KAL AIRWAYS PVT LTD,KAL AIRWAYS PVT LTD
INE216P,AAVAS FINANCIERS LIMITED,AAVAS FINANCIERS LIMITED
INE217A,ZUARI INDUSTRIES LIMITED,ZUARI INDUSTRIES LIMITED
INE217K,RELIANCE GROUP,RELIANCE GROUP
INE219O,GOSWAMI INFRATECH PRIVATE LIMITED,GOSWAMI INFRATECH PRIVATE LIMITED
INE219T,LIQUID INVESTMENT AND TRADING COMPANY PRIVATE LIMITED,LIQUID INVESTMENT AND TRADING COMPANY PRIVATE LIMITED
INE219X,INDIGRID INFRASTRUCTURE TRUST,INDIGRID INFRASTRUCTURE TRUST
INE21AN,GRIPX BIRCH MAY 2025,GRIPX BIRCH MAY 2025
INE21TG,LOANX SABAL MAY 2025,LOANX SABAL MAY 2025
INE220B,KALPATARU POWER TRANSMISSION LTD,KALPATARU POWER TRANSMISSION LTD
INE220H,HIMACHAL PRADESH STATE ELECTRICITY BOARD LIMITED,HIMACHAL PRADESH STATE ELECTRICITY BOARD LIMITED
INE220J,FUTURE CONSUMER LIMITED,FUTURE CONSUMER LIMITED
INE221M,EMAMI AGROTECH LIMITED,EMAMI AGROTECH LIMITED
INE223K,LUXORA INFRASTRUCTURE PRIVATE LIMITED,LUXORA INFRASTRUCTURE PRIVATE LIMITED
INE225R,HDFC GROUP,HDFC GROUP
INE226I,SEVENHILLS HEALTHCARE PRIVATE LIMITED,SEVENHILLS HEALTHCARE PRIVATE LIMITED
INE227L,ARVIND LIFESTYLE BRANDS LIMITED,ARVIND LIFESTYLE BRANDS LIMITED
INE227R,SVL LIMITED,SVL LIMITED
INE228N,TRENT HYPERMARKET PRIVATE LIMITED,TRENT HYPERMARKET PRIVATE LIMITED
INE228R,MANYATA DEVELOPERS PRIVATE LIMITED,MANYATA DEVELOPERS PRIVATE LIMITED
INE229U,NAMRA FINANCE LIMITED,NAMRA FINANCE LIMITED
INE22JP,GRIPX ARECA MAY 2025,GRIPX ARECA MAY 2025
INE233A,GODREJ INDUSTRIES LIMITED,GODREJ INDUSTRIES LIMITED
INE233B,BLUE DART EXPRESS LTD.,BLUE DART EXPRESS LTD.
INE235P,L&T FINANCE LIMITED,L&T FINANCE LIMITED
INE237A,KOTAK GROUP,KOTAK GROUP
INE237F,IIBI AG-03,IIBI AG-03 | IIBI SLR-19
INE237X,ATTIVO ECONOMIC ZONE (MUMBAI) PRIVATE LIMITED,ATTIVO ECONOMIC ZONE (MUMBAI) PRIVATE LIMITED
INE238A,AXIS GROUP,AXIS GROUP
INE239X,SHIVAKAR INFRA PRIVATE LIMITED,SHIVAKAR INFRA PRIVATE LIMITED
INE240J,SHRIRAM CAPITAL LIMITED,SHRIRAM CAPITAL LIMITED
INE241O,EDEL FINANCE COMPANY LIMITED,EDEL FINANCE COMPANY LIMITED | EDELWEISS FINVEST PRIVATE LIMITED
INE242A,INDIAN OIL CORPORATION LIMITED,INDIAN OIL CORPORATION LIMITED
INE242C,ANANT RAJ LIMITED,ANANT RAJ LIMITED
INE242H,ARCIL-KESRI VANASPATI PRODUCTS LTD,ARCIL-KESRI VANASPATI PRODUCTS LTD
INE243L,PREMIER FINANCE & TRADING CO. LTD,PREMIER FINANCE & TRADING CO. LTD
INE244B,PATEL ENGINEERING LIMITED,PATEL ENGINEERING LIMITED
INE244L,INDIABULLS COMMERCIAL CREDIT LIMITED,INDIABULLS COMMERCIAL CREDIT LIMITED | SAMMAAN FINSERVE LIMITED
INE244N,MAHINDRA VEHICLE MANUFACTURERS LIMITED,MAHINDRA VEHICLE MANUFACTURERS LIMITED
INE245A,TATA GROUP,TATA GROUP
INE246Q,L & T VRINDAVAN PROPERTIES LIMITED,L & T VRINDAVAN PROPERTIES LIMITED
INE246R,NIIF INFRASTRUCTURE FINANCE LIMITED,NIIF INFRASTRUCTURE FINANCE LIMITED
INE247J,STERLING AND WILSON PRIVATE LIMITED,STERLING AND WILSON PRIVATE LIMITED
INE247U,EQUITAS SMALL FINANCE BANK LIMITED,EQUITAS SMALL FINANCE BANK LIMITED
INE248M,KANAKIA BHUMI CONSTRUCTION PRIVATE LIMITED,KANAKIA BHUMI CONSTRUCTION PRIVATE LIMITED
INE248U,360 ONE PRIME LIMITED,360 ONE PRIME LIMITED
INE251G,CAUVERY NEERAVARI NIGAMA LIMITED,CAUVERY NEERAVARI NIGAMA LIMITED
INE251L,BRASSCO ESTATES PRIVATE LIMITED,BRASSCO ESTATES PRIVATE LIMITED
INE252M,KAPSTONE CONSTRUCTIONS PRIVATE LIMITED,KAPSTONE CONSTRUCTIONS PRIVATE LIMITED
INE252T,XANDER FINANCE PRIVATE LIMITED,XANDER FINANCE PRIVATE LIMITED
INE254Q,REDDY HOUSING PRIVATE LIMITED,REDDY HOUSING PRIVATE LIMITED
INE255A,EPL LIMITED,EPL LIMITED | ESSEL PROPACK LIMITED
INE257L,JSW INVESTMENTS PRIVATE LIMITED,JSW INVESTMENTS PRIVATE LIMITED
INE257N,M G M CONSULTING SERVICES PRIVATE LIMITED,M G M CONSULTING SERVICES PRIVATE LIMITED
INE257U,SEI ENERSTAR RENEWABLE ENERGY PRIVATE LIMITED,SEI ENERSTAR RENEWABLE ENERGY PRIVATE LIMITED
INE258A,BEML LIMITED,BEML LIMITED
INE258U,ELENA RENEWABLE ENERGY PRIVATE LIMITED,ELENA RENEWABLE ENERGY PRIVATE LIMITED
INE259B,GAMMON INDIA LIMITED,GAMMON INDIA LIMITED
INE259U,ZUVAN ENERGY PRIVATE LIMITED,ZUVAN ENERGY PRIVATE LIMITED
INE259X,ANANTA LANDMARKS PRIVATE LIMITED,ANANTA LANDMARKS PRIVATE LIMITED
INE25OJ,LOANX ALDER APR 2025,LOANX ALDER APR 2025
INE261F,NATIONAL BANK FOR AGRICULTURE AND RURAL DEVELOPMENT,NATIONAL BANK FOR AGRICULTURE AND RURAL DEVELOPMENT
INE261Q,WADHWA RESIDENCY PRIVATE LIMITED,WADHWA RESIDENCY PRIVATE LIMITED
INE262F,KARNATAKA NEERAVARI NIGAM LIMITED,KARNATAKA NEERAVARI NIGAM LIMITED
INE265J,JM FINANCIAL ASSET RECONSTRUCTION COMPANY LIMITED,JM FINANCIAL ASSET RECONSTRUCTION COMPANY LIMITED
INE265M,SUNSHINE HOUSING & INFRASTRUCTURE PVT LTD,SUNSHINE HOUSING & INFRASTRUCTURE PVT LTD
INE266N,ESSEL CORPORATE RESOURCES PRIVATE LIMITED,ESSEL CORPORATE RESOURCES PRIVATE LIMITED
INE267A,HINDUSTAN ZINC LIMITED,HINDUSTAN ZINC LIMITED
INE267U,BAJAJ CAPITAL VENTURES PRIVATE LIMITED,BAJAJ CAPITAL VENTURES PRIVATE LIMITED
INE268A,VEDANTA LIMITED,VEDANTA LIMITED
INE268U,PRATYASH RENEWABLE PRIVATE LIMITED,PRATYASH RENEWABLE PRIVATE LIMITED
INE269M,JINDAL ITF LIMITED,JINDAL ITF LIMITED
INE269O,RENEW WIND ENERGY (JATH) LIMITED,RENEW WIND ENERGY (JATH) LIMITED
INE269U,AARISH SOLAR POWER PRIVATE LIMITED,AARISH SOLAR POWER PRIVATE LIMITED
INE270A,ALOK INDUSTRIES LIMITED,ALOK INDUSTRIES LIMITED
INE270O,RKN RETAIL PRIVATE LIMITED,RKN RETAIL PRIVATE LIMITED
INE271C,DLF LIMITED,DLF LIMITED
INE273Q,ARIISTO REALTORS INFRASTRUCTURE PRIVATE LTD.,ARIISTO REALTORS INFRASTRUCTURE PRIVATE LTD.
INE274Q,ASHVI DEVELOPERS PRIVATE LIMITED,ASHVI DEVELOPERS PRIVATE LIMITED
INE2753,GRIPX MALCOM TRUST JUNE 2025,GRIPX MALCOM TRUST JUNE 2025
INE2777,AVANT HERITAGE IV REALTY PRIVATE LIMITED,AVANT HERITAGE IV REALTY PRIVATE LIMITED
INE277L,FORTIS HEALTHCARE HOLDINGS PRIVATE LIMITED,FORTIS HEALTHCARE HOLDINGS PRIVATE LIMITED
INE278N,BIOSCOPE CINEMAS PRIVATE LIMITED,BIOSCOPE CINEMAS PRIVATE LIMITED
INE27BR,LIQUID GOLD SERIES 11,LIQUID GOLD SERIES 11
INE27BS,LIQUID GOLD SERIES 12,LIQUID GOLD SERIES 12
INE27QL,SUMMIT 2025,SUMMIT 2025
INE280A,TITAN COMPANY LIMITED,TITAN COMPANY LIMITED
INE281J,PUJA INVESTMENTS PVT LIMITED,PUJA INVESTMENTS PVT LIMITED
INE282H,JIO CREDIT LIMITED,JIO CREDIT LIMITED
INE282X,EARC TRUST - SC 268,EARC TRUST - SC 268
INE283O,ASIAN SATELLITE BROADCAST PRIVATE LIMITED,ASIAN SATELLITE BROADCAST PRIVATE LIMITED
INE285T,RIVAAZ TRADE VENTURES PRIVATE LIMITED,RIVAAZ TRADE VENTURES PRIVATE LIMITED
INE286K,TECHNO ELECTRIC AND ENGINEERING CO. LTD,TECHNO ELECTRIC AND ENGINEERING CO. LTD
INE288S,KANCHANJUNGA REALTORS PRIVATE LIMITED,KANCHANJUNGA REALTORS PRIVATE LIMITED
INE289B,GIC HOUSING FINANCE LIMITED,GIC HOUSING FINANCE LIMITED
INE28C8,WOODLAND TRUST 05 2025,WOODLAND TRUST 05 2025
INE290B,DALMIA CEMENT (BHARAT) LIMITED,DALMIA CEMENT (BHARAT) LIMITED
INE290L,MAPEX INFRASTRUCTURE PVT LTD,MAPEX INFRASTRUCTURE PVT LTD
INE292W,CG POWER SOLUTIONS LIMITED,CG POWER SOLUTIONS LIMITED
INE294A,BALLARPUR INDUSTRIES LIMITED,BALLARPUR INDUSTRIES LIMITED
INE295J,TATA GROUP,TATA GROUP
INE295N,INFINITI RETAIL LIMITED,INFINITI RETAIL LIMITED
INE296A,BAJAJ FINANCE LIMITED,BAJAJ FINANCE LIMITED
INE296G,MUTHOOT CAPITAL SERVICES LIMITED,MUTHOOT CAPITAL SERVICES LIMITED
INE296N,WALWHAN RENEWABLE ENERGY LIMITED,WALWHAN RENEWABLE ENERGY LIMITED
INE296Q,MONEYBOXX FINANCE LIMITED,MONEYBOXX FINANCE LIMITED
INE297G,POWERLINKS TRANSMISSION LIMITED,POWERLINKS TRANSMISSION LIMITED
INE298P,AFTAAB SOLAR PRIVATE LIMITED,AFTAAB SOLAR PRIVATE LIMITED
INE298T,HANSDEEP INDUSTRIES & TRADING COMPANY LIMITED,HANSDEEP INDUSTRIES & TRADING COMPANY LIMITED
INE299U,CROMPTON GREAVES CONSUMER ELECTRCIALS LIMITED,CROMPTON GREAVES CONSUMER ELECTRCIALS LIMITED
INE2A0P,LOANX VIBURNUM JUNE 2025,LOANX VIBURNUM JUNE 2025
INE2DDX,LOANX BRAMBLE JUL 2025,LOANX BRAMBLE JUL 2025
INE2DT8,LOANX SORREL JUL 2025,LOANX SORREL JUL 2025
INE2FAX,AGRI XCHNG 2025,AGRI XCHNG 2025
INE2GIZ,LOANX VERBENA JUL 2025,LOANX VERBENA JUL 2025
INE2GLH,ARUGN TECHNOLOGIES PRIVATE LIMITED,ARUGN TECHNOLOGIES PRIVATE LIMITED
INE2GPJ,MAGNETRON AUG 2025,MAGNETRON AUG 2025
INE2GPK,SAPPHIRE 08 2025,SAPPHIRE 08 2025
INE2HQM,PRESIDIUM TRUST 007,PRESIDIUM TRUST 007
INE2I1T,KRPV FIRE FITE PRIVATE LIMITED,KRPV FIRE FITE PRIVATE LIMITED
INE2I7F,SIDDHIVINAYAK SECURITISATION TRUST,SIDDHIVINAYAK SECURITISATION TRUST
INE2I7G,SHIVSHAKTI SECURITISATION TRUST,SHIVSHAKTI SECURITISATION TRUST
INE2I7H,RADHAKRISHNA SECURITISATION TRUST,RADHAKRISHNA SECURITISATION TRUST
INE2JU7,TRINITY TRUST SEP 2025,TRINITY TRUST SEP 2025
INE2K19,LOANX BRAMBLE SEP 2025,LOANX BRAMBLE SEP 2025
INE2MZB,MAGNATRON NOVEMBER 2025,MAGNATRON NOVEMBER 2025
INE2NPD,LOANX NEMESIA NOV 2025,LOANX NEMESIA NOV 2025
INE301A,RAYMOND LIMITED,RAYMOND LIMITED
INE304T,VAGAD BUILDERS AND DEVELOPERS PVT LTD,VAGAD BUILDERS AND DEVELOPERS PVT LTD
INE305A,TOURISM FINANCE CORPORATION OF INDIA LIMITED,TOURISM FINANCE CORPORATION OF INDIA LIMITED
INE306N,TATA GROUP,TATA GROUP
INE308L,KARVY FINANCIAL SERVICES LIMITED,KARVY FINANCIAL SERVICES LIMITED
INE308O,BHARTI AIRTEL LIMITED,BHARTI AIRTEL LIMITED
INE309K,AIRPORTS AUTHORITY OF INDIA,AIRPORTS AUTHORITY OF INDIA
INE309Q,NEELKANTH MANSIONS AND INFRASTRUCTURE PVT LTD,NEELKANTH MANSIONS AND INFRASTRUCTURE PVT LTD
INE310L,IOT UTKAL ENERGY SERVICES LIMITED,IOT UTKAL ENERGY SERVICES LIMITED
INE311I,TANGLIN  DEVELOPMENTS LIMITED,TANGLIN  DEVELOPMENTS LIMITED
INE311S,MA MULTI-TRADE PRIVATE LIMITED,MA MULTI-TRADE PRIVATE LIMITED
INE312G,WRITERS AND PUBLISHERS PRIVATE LIMITED,WRITERS AND PUBLISHERS PRIVATE LIMITED
INE312X,MAGMA GENERAL INSURANCE LIMITED,MAGMA GENERAL INSURANCE LIMITED
INE316W,HERO SOLAR ENERGY PRIVATE LIMITED,HERO SOLAR ENERGY PRIVATE LIMITED
INE316Z,GODREJ SEEDS & GENETICS LIMITED,GODREJ SEEDS & GENETICS LIMITED
INE317K,NEPTUNE REALTORS PRIVATE LIMITED,NEPTUNE REALTORS PRIVATE LIMITED
INE318A,PIDILITE INDS,PIDILITE INDS
INE320A,ICICI GROUP,ICICI GROUP
INE320U,SHIPRA ESTATE LIMITED,SHIPRA ESTATE LIMITED
INE321A,INOX AIR PRODUCTS PRIVATE LIMITED,INOX AIR PRODUCTS PRIVATE LIMITED
INE321N,KKR INDIA FINANCIAL SERVICES PRIVATE LIMITED,KKR INDIA FINANCIAL SERVICES PRIVATE LIMITED
INE322J,BHARAT PETROLEUM CORPORATION LTD.,BHARAT PETROLEUM CORPORATION LTD.
INE324A,JINDAL SAW LIMITED,JINDAL SAW LIMITED
INE327U,DIVYESH POWER PRIVATE LIMITED,DIVYESH POWER PRIVATE LIMITED
INE328U,SEI BASKARA POWER PRIVATE LIMITED,SEI BASKARA POWER PRIVATE LIMITED
INE331A,THE RAMCO CEMENTS LIMITED,THE RAMCO CEMENTS LIMITED
INE331M,RAJESH ESTATES AND NIRMAN PRIVATE LIMITED,RAJESH ESTATES AND NIRMAN PRIVATE LIMITED
INE332A,THOMAS COOK (I) LIMITED,THOMAS COOK (I) LIMITED
INE333L,RELIANCE GROUP,RELIANCE GROUP
INE333T,RELIANCE GROUP,RELIANCE GROUP
INE334L,UJJIVAN SMALL FINANCE BANK LIMITED,UJJIVAN SMALL FINANCE BANK LIMITED
INE335K,COFFEE DAY ENTERPRISES LIMITED,COFFEE DAY ENTERPRISES LIMITED
INE336K,CLP WIND FARMS (INDIA) PVT LTD,CLP WIND FARMS (INDIA) PVT LTD
INE336U,SHREYAS RENEWABLE ENERGY PRIVATE LIMITED,SHREYAS RENEWABLE ENERGY PRIVATE LIMITED
INE338I,MOTILAL OSWAL FINANCIAL SERVICES LIMITED,MOTILAL OSWAL FINANCIAL SERVICES LIMITED
INE339K,AVANTHA HOLDINGS LIMITED,AVANTHA HOLDINGS LIMITED
INE340A,BIRLA CORPORATION LIMITED,BIRLA CORPORATION LIMITED
INE340M,TAMILNADU GENERATION AND DISTRIBUTION CORPORATION LIMITED,TAMILNADU GENERATION AND DISTRIBUTION CORPORATION LIMITED
INE341E,MAHARASHTRA STATE ROAD DEVELOPMENT CORPORATION,MAHARASHTRA STATE ROAD DEVELOPMENT CORPORATION
INE342E,MSEB SR-5B OP-2,MSEB SR-5B OP-2
INE342T,NAVI FINSERV LIMITED,NAVI FINSERV LIMITED
INE343E,MKVDC 00/B OP-C,MKVDC 00/B OP-C | MKVDC 2003/A
INE343G,BHARTI HEXACOM  LIMITED,BHARTI HEXACOM  LIMITED
INE343U,NEW MEDIA BROADCASTING PRIVATE LIMITED,NEW MEDIA BROADCASTING PRIVATE LIMITED
INE345P,KALPATARU LAND PRIVATE LIMITED,KALPATARU LAND PRIVATE LIMITED
INE346T,SALIENT FINANCIAL SOLUTIONS LIMITED,SALIENT FINANCIAL SOLUTIONS LIMITED
INE346Z,UNITED INDIA INSURANCE COMPANY LIMITED,UNITED INDIA INSURANCE COMPANY LIMITED
INE347G,PETRONET LNG LIMITED,PETRONET LNG LIMITED
INE347N,GRAND VIEW ESTATES PRIVATE LIMITED,GRAND VIEW ESTATES PRIVATE LIMITED
INE347U,AASHMAN ENERGY PRIVATE LIMITED,AASHMAN ENERGY PRIVATE LIMITED
INE348F,MADHYA PRADESH FINANCIAL CORPORATION,MADHYA PRADESH FINANCIAL CORPORATION
INE348L,MAS FINANCIAL SERVICES LIMITED,MAS FINANCIAL SERVICES LIMITED
INE349A,NRB BEARINGS LIMITED,NRB BEARINGS LIMITED
INE350S,BACCHUS HOSPITALITY SERVICES AND REAL ESTATE PRIVATE LIMITED,BACCHUS HOSPITALITY SERVICES AND REAL ESTATE PRIVATE LIMITED
INE351E,DLF HOME DEVELOPERS LIMITED,DLF HOME DEVELOPERS LIMITED
INE353A,HINDUJA VENTURES LIMITED,HINDUJA VENTURES LIMITED
INE353G,DISHMAN PHARMACEUTICALS AND CHEMICAL LTD,DISHMAN PHARMACEUTICALS AND CHEMICAL LTD
INE354H,GUJARAT ROAD AND INFRASTRUCTURE CO LTD,GUJARAT ROAD AND INFRASTRUCTURE CO LTD
INE357L,NOMURA CAPITAL (INDIA) PVT. LTD.,NOMURA CAPITAL (INDIA) PVT. LTD.
INE357U,YES CAPITAL (INDIA) PRIVATE LIMITED,YES CAPITAL (INDIA) PRIVATE LIMITED
INE359S,OMKAR REALTORS ANDHERI PROJECT PRIVATE LIMITED,OMKAR REALTORS ANDHERI PROJECT PRIVATE LIMITED
INE360C,DPSC LIMITED,DPSC LIMITED
INE363O,KAMARAJAR PORT LIMITED,KAMARAJAR PORT LIMITED
INE370I,SUHANI TRADING AND INVESTMENT CONSULTANTS PVT LTD,SUHANI TRADING AND INVESTMENT CONSULTANTS PVT LTD
INE370S,VARNIKA REALTY PRIVATE LIMITED,VARNIKA REALTY PRIVATE LIMITED
INE371K,TATA GROUP,TATA GROUP
INE372T,ASP INFRAPROJECTS PRIVATE LIMITED,ASP INFRAPROJECTS PRIVATE LIMITED
INE375R,INTERNATIONAL FINANCE CORPORATION,INTERNATIONAL FINANCE CORPORATION
INE377Y,BAJAJ HOUSING FINANCE LIMITED,BAJAJ HOUSING FINANCE LIMITED
INE378T,MAHINDRA INTEGRATED TOWNSHIP LIMITED,MAHINDRA INTEGRATED TOWNSHIP LIMITED
INE382G,ADANI GROUP,ADANI GROUP
INE383N,ADVINUS THERAPEUTICS LIMITED,ADVINUS THERAPEUTICS LIMITED
INE385W,DISHMAN CARBOGEN AMCIS LIMITED,DISHMAN CARBOGEN AMCIS LIMITED
INE386U,AVEES TRADING & FINANCE PRIVATE LIMITED,AVEES TRADING & FINANCE PRIVATE LIMITED
INE387U,SEI MIHIR ENERGY PRIVATE LIMITED,SEI MIHIR ENERGY PRIVATE LIMITED
INE389H,KEC INTERNATIONAL LIMITED,KEC INTERNATIONAL LIMITED
INE389Z,PROFECTUS CAPITAL PRIVATE LIMITED,PROFECTUS CAPITAL PRIVATE LIMITED
INE390R,SHINING METAL TRUST SEP 2014- GOLD PTC VIII,SHINING METAL TRUST SEP 2014- GOLD PTC VIII
INE391V,SHREM INFRA INVEST PRIVATE LIMITED,SHREM INFRA INVEST PRIVATE LIMITED
INE392I,HDFC GROUP,HDFC GROUP
INE392R,DOLVI MINERALS & METALS PRIVATE LIMITED,DOLVI MINERALS & METALS PRIVATE LIMITED
INE393T,AURO REALTY PRIVATE LIMITED,AURO REALTY PRIVATE LIMITED
INE396P,UTKARSH SMALL FINANCE BANK LIMITED,UTKARSH SMALL FINANCE BANK LIMITED
INE396T,SNEHA ASHIANA PRIVATE LIMITED,SNEHA ASHIANA PRIVATE LIMITED
INE397D,BHARTI AIRTEL LIMITED,BHARTI AIRTEL LIMITED
INE397T,SUPERVALUE REALTY PRIVATE LIMITED,SUPERVALUE REALTY PRIVATE LIMITED
INE397U,VERACIOUS BUILDERS,VERACIOUS BUILDERS
INE398O,RESPONSIVE SUTIP LIMITED,RESPONSIVE SUTIP LIMITED
INE398T,SPENTA ENCLAVE PRIVATE LIMITED,SPENTA ENCLAVE PRIVATE LIMITED
INE400K,ANDHRA PRADESH EXPRESSWAY LIMITED,ANDHRA PRADESH EXPRESSWAY LIMITED
INE401G,ANDHRA PRADESH POWER GENERATION CORP. LTD,ANDHRA PRADESH POWER GENERATION CORP. LTD
INE401Y,HINDUJA HOUSING FINANCE LIMITED,HINDUJA HOUSING FINANCE LIMITED
INE402Q,JALGAON INVESTMENTS PRIVATE LIMITED,JALGAON INVESTMENTS PRIVATE LIMITED
INE403D,BHARTI TELECOM LIMITED,BHARTI TELECOM LIMITED
INE403G,STANDARD CHARTERED CAPITAL LIMITED,STANDARD CHARTERED CAPITAL LIMITED
INE403K,SCHWING STETTER (INDIA) PRIVATE LIMITED,SCHWING STETTER (INDIA) PRIVATE LIMITED
INE403Q,KOSAMATTAM FINANCE LIMITED,KOSAMATTAM FINANCE LIMITED
INE403V,LAKE DISTRICT REALTY PRIVATE LIMITED,LAKE DISTRICT REALTY PRIVATE LIMITED
INE404Q,TAPASWI MERCANTILE PRIVATE LIMITED,TAPASWI MERCANTILE PRIVATE LIMITED
INE405E,UNO MINDA LIMITED,UNO MINDA LIMITED
INE405L,BVM FINANCE PRIVATE LIMITED,BVM FINANCE PRIVATE LIMITED
INE406M,ERIS LIFESCIENCES LIMITED,ERIS LIFESCIENCES LIMITED
INE407M,HIRANANDANI REALTORS PRIVATE LIMITED,HIRANANDANI REALTORS PRIVATE LIMITED
INE408J,EDUCOMP INFRASTRUCTURE & SCHOOL MGMT. LTD.,EDUCOMP INFRASTRUCTURE & SCHOOL MGMT. LTD.
INE410P,NARAYANA HRUDAYALAYA LIMITED,NARAYANA HRUDAYALAYA LIMITED
INE411L,WEST BENGAL STATE ELECTRICITY DISTRIBUTION COMPANY LIMITED,WEST BENGAL STATE ELECTRICITY DISTRIBUTION COMPANY LIMITED
INE412O,CHATTEL CONSTRUCTIONS PRIVATE LIMITED,CHATTEL CONSTRUCTIONS PRIVATE LIMITED
INE413O,PRIMAT INFRAPOWER & MULTIVENTURES PRIVATE LIMITED,PRIMAT INFRAPOWER & MULTIVENTURES PRIVATE LIMITED
INE413U,IIFL SAMASTA FINANCE LIMITED,IIFL SAMASTA FINANCE LIMITED
INE414G,MUTHOOT FINANCE LIMITED,MUTHOOT FINANCE LIMITED
INE414I,IVRCL ASSETS & HOLDINGS LIMITED,IVRCL ASSETS & HOLDINGS LIMITED
INE414O,CELICA DEVELOPERS PRIVATE LIMITED,CELICA DEVELOPERS PRIVATE LIMITED
INE420C,PAISALO DIGITAL LIMITED,PAISALO DIGITAL LIMITED
INE422L,CENTURY REAL ESTATE HOLDINGS PRIVATE LIMITED,CENTURY REAL ESTATE HOLDINGS PRIVATE LIMITED
INE423A,ADANI GROUP,ADANI GROUP
INE423G,GREATER VISAKHAPATNAM MUNICIPAL CORPORATION,GREATER VISAKHAPATNAM MUNICIPAL CORPORATION
INE423R,RELIANCE GROUP,RELIANCE GROUP
INE425L,INTIME PROPERTIES LIMITED,INTIME PROPERTIES LIMITED
INE428A,ALLAHABAD BANK,ALLAHABAD BANK
INE428Q,SURYODAY SMALL FINANCE BANK LIMITED,SURYODAY SMALL FINANCE BANK LIMITED
INE429C,SINTEX INDUSTRIES LIMITED,SINTEX INDUSTRIES LIMITED
INE430Q,RUCHI-PRIYA DEVELOPERS PVT LTD,RUCHI-PRIYA DEVELOPERS PVT LTD
INE431Q,WADHWA CONSTRUCTION & INFRASTRUCTURE PRIVATE LIMITED,WADHWA CONSTRUCTION & INFRASTRUCTURE PRIVATE LIMITED
INE432R,SHRIRAM HOUSING FINANCE LIMITED,SHRIRAM HOUSING FINANCE LIMITED
INE433M,IL&FS TAMIL NADU POWER COMPANY LIMITED,IL&FS TAMIL NADU POWER COMPANY LIMITED
INE434A,ANDHRA BANK,ANDHRA BANK | UNION BANK OF INDIA
INE435D,MAC CHARLES (INDIA) LIMITED,MAC CHARLES (INDIA) LIMITED
INE435X,TENSHI PHARMACEUTICALS PRIVATE LIMITED,TENSHI PHARMACEUTICALS PRIVATE LIMITED
INE437A,APOLLO HOSPITALS ENTERPRISE LIMITED,APOLLO HOSPITALS ENTERPRISE LIMITED
INE437M,AMRI HOSPITALS LIMITED,AMRI HOSPITALS LIMITED
INE438A,APOLLO TYRES LIMITED,APOLLO TYRES LIMITED
INE439H,CHOLAMANDALAM MS GENERAL INSURANCE CO. LTD.,CHOLAMANDALAM MS GENERAL INSURANCE CO. LTD.
INE439Q,BCIL ZED RIA PROPERTIES PRIVATE LIMITED,BCIL ZED RIA PROPERTIES PRIVATE LIMITED
INE442H,ASHOKA BUILDCON LIMITED,ASHOKA BUILDCON LIMITED
INE443L,BELSTAR MICROFINANCE LIMITED,BELSTAR MICROFINANCE LIMITED
INE444T,SUTLEJ HOUSING PRIVATE LIMITED,SUTLEJ HOUSING PRIVATE LIMITED
INE445K,RELIANCE GROUP,RELIANCE GROUP
INE445L,NABHA POWER LIMITED,NABHA POWER LIMITED
INE448U,VERITAS FINANCE LIMITED,VERITAS FINANCE LIMITED
INE452O,FUTURE LIFESTYLE FASHIONS LIMITED,FUTURE LIFESTYLE FASHIONS LIMITED
INE453I,BHILANGANA HYDRO POWER LIMITED,BHILANGANA HYDRO POWER LIMITED
INE453T,BHARTI ENTERPRISES (HOLDING) PRIVATE LIMITED,BHARTI ENTERPRISES (HOLDING) PRIVATE LIMITED
INE455F,JAIPRAKASH ASSOCIATES LIMITED,JAIPRAKASH ASSOCIATES LIMITED
INE456R,SHINING METAL TRUST SEP 2014- GOLD PTC IX,SHINING METAL TRUST SEP 2014- GOLD PTC IX
INE457A,BANK OF MAHARASHTRA,BANK OF MAHARASHTRA
INE458O,RENEW WIND ENERGY DELHI PRIVATE LIMITED,RENEW WIND ENERGY DELHI PRIVATE LIMITED
INE458U,WADHAWAN GLOBAL CAPITAL LIMITED,WADHAWAN GLOBAL CAPITAL LIMITED
INE459T,VASTU HOUSING FINANCE CORPORATION LIMITED,VASTU HOUSING FINANCE CORPORATION LIMITED
INE461T,CRANES DEVELOPERS PRIVATE LIMITED,CRANES DEVELOPERS PRIVATE LIMITED
INE462G,SIVA INDUSTRIES AND HOLDINGS LTD.,SIVA INDUSTRIES AND HOLDINGS LTD.
INE465A,BHARAT FORGE LIMITED,BHARAT FORGE LIMITED
INE465N,ESSEL LUCKNOW RAEBARELI TOLL ROADS LIMITED,ESSEL LUCKNOW RAEBARELI TOLL ROADS LIMITED
INE465R,FORBES TECHNOSYS LIMITED,FORBES TECHNOSYS LIMITED
INE466L,IIFL WEALTH MANAGEMENT LIMITED,IIFL WEALTH MANAGEMENT LIMITED
INE466X,KARUNA HEALTHCARE PRIVATE LIMITED,KARUNA HEALTHCARE PRIVATE LIMITED
INE467V,HOUSE OF KIERAYA LIMITED,HOUSE OF KIERAYA LIMITED
INE468M,SHRIRAM EQUIPMENT FINANCE CO LTD,SHRIRAM EQUIPMENT FINANCE CO LTD | SHRIRAM TRANSPORT FINANCE COMPANY LIMITED
INE468N,ECAP EQUITIES LIMITED,ECAP EQUITIES LIMITED
INE470T,HIGH POINT PROPERTIES PRIVATE LIMITED,HIGH POINT PROPERTIES PRIVATE LIMITED
INE471T,ORBIT PROJECTS PRIVATE LIMITED,ORBIT PROJECTS PRIVATE LIMITED
INE471X,SANKHYA FINANCIAL SERVICES PRIVATE LIMITED,SANKHYA FINANCIAL SERVICES PRIVATE LIMITED
INE472T,ORBIT NIKETAN PRIVATE LIMITED,ORBIT NIKETAN PRIVATE LIMITED
INE473K,VADRAJ CEMENT LIMITED,VADRAJ CEMENT LIMITED
INE473U,SEI VENUS PRIVATE LIMITED,SEI VENUS PRIVATE LIMITED
INE473W,RKV ENTERPRISES PRIVATE LIMITED,RKV ENTERPRISES PRIVATE LIMITED
INE474U,SEI DIAMOND PRIVATE LIMITED,SEI DIAMOND PRIVATE LIMITED
INE476A,CANARA BANK,CANARA BANK
INE476I,MUMBAI INTERNATIONAL AIRPORT LIMITED,MUMBAI INTERNATIONAL AIRPORT LIMITED
INE476M,L,L | L&T HOUSING FINANCE LIMITED
INE476S,GREENKO CLEAN ENERGY PROJECTS PRIVATE LIMITED,GREENKO CLEAN ENERGY PROJECTS PRIVATE LIMITED
INE477A,CAN FIN HOMES LIMITED,CAN FIN HOMES LIMITED
INE477K,GREEN INFRA WIND ENERGY LIMITED,GREEN INFRA WIND ENERGY LIMITED
INE477L,IIFL HOME FINANCE LIMITED,IIFL HOME FINANCE LIMITED
INE477S,TATA GROUP,TATA GROUP
INE477Z,GREATER HYDERABAD MUNICIPAL CORPORATION,GREATER HYDERABAD MUNICIPAL CORPORATION
INE479R,KARELIDES TRADERS PRIVATE LIMITED,KARELIDES TRADERS PRIVATE LIMITED
INE480D,NIYOGIN FINTECH LIMITED,NIYOGIN FINTECH LIMITED
INE481G,ULTRATECH CEMENT LIMITED,ULTRATECH CEMENT LIMITED
INE482A,CEAT LIMITED,CEAT LIMITED
INE482G,TATA GROUP,TATA GROUP
INE482N,SHREE VENKATESH MULTI SERVICES PRIVATE LTD,SHREE VENKATESH MULTI SERVICES PRIVATE LTD
INE483A,CENTRAL BANK OF INDIA,CENTRAL BANK OF INDIA
INE483Z,KOHIMA-MARIANI TRANSMISSION LIMITED,KOHIMA-MARIANI TRANSMISSION LIMITED
INE484A,HDFC GROUP,HDFC GROUP
INE484J,GODREJ PROPERTIES LIMITED,GODREJ PROPERTIES LIMITED
INE485H,RMZ INFOTECH PRIVATE LIMITED,RMZ INFOTECH PRIVATE LIMITED
INE486H,KRIBHCO FERTILIZERS LIMITED,KRIBHCO FERTILIZERS LIMITED
INE487H,MILLENNIA REALTORS PRIVATE LIMITED,MILLENNIA REALTORS PRIVATE LIMITED
INE487L,IIFL FACILITIES SERVICES LIMITED,IIFL FACILITIES SERVICES LIMITED
INE487V,GREEN VALLEYS SHELTERS PRIVATE LIMITED,GREEN VALLEYS SHELTERS PRIVATE LIMITED
INE488A,CHEM SANMAR 12,CHEM SANMAR 12
INE491F,DELHI TRANSCO LIMITED,DELHI TRANSCO LIMITED
INE492B,FIRST LEASING,FIRST LEASING
INE494B,TVS MOTOR COMPANY LIMITED,TVS MOTOR COMPANY LIMITED
INE494M,IFCI FACTORS LIMITED,IFCI FACTORS LIMITED
INE496R,ABELLON ENERGY LIMITED,ABELLON ENERGY LIMITED
INE496S,ORISSA STEVEDORES LIMITED,ORISSA STEVEDORES LIMITED
INE497W,ALTUM CREDO HOME FINANCE PRIVATE LIMITED,ALTUM CREDO HOME FINANCE PRIVATE LIMITED
INE498F,ESSEL INFRAPROJECTS LIMITED,ESSEL INFRAPROJECTS LIMITED
INE498L,L & T FINANCE HOLDINGS LIMITED,L & T FINANCE HOLDINGS LIMITED | L&T FINANCE LIMITED
INE499S,ROYAL SUNDARAM GENERAL INSURANCE CO. LIMITED,ROYAL SUNDARAM GENERAL INSURANCE CO. LIMITED
INE500A,DCW LIMITED,DCW LIMITED
INE500S,CREDITACCESS GRAMEEN LIMITED,CREDITACCESS GRAMEEN LIMITED
INE501A,DEEPAK FERTILIZERS AND PETROCHEMICALS CORPORATION LIMITED,DEEPAK FERTILIZERS AND PETROCHEMICALS CORPORATION LIMITED
INE501X,AYE FINANCE LIMITED,AYE FINANCE LIMITED | AYE FINANCE PRIVATE LIMITED
INE502K,TALWALKARS BETTER VALUE FITNESS LTD,TALWALKARS BETTER VALUE FITNESS LTD
INE503A,DCB BANK LIMITED,DCB BANK LIMITED
INE503B,STEEL EXCHANGE INDIA LIMITED,STEEL EXCHANGE INDIA LIMITED
INE503N,AMBA RIVER COKE LIMITED,AMBA RIVER COKE LIMITED
INE503P,EDELCAP SECURITIES LIMITED,EDELCAP SECURITIES LIMITED
INE503V,STAR UNION DAI-ICHI LIFE INSURANCE COMPANY LIMITED,STAR UNION DAI-ICHI LIFE INSURANCE COMPANY LIMITED
INE504H,ANAND RATHI FINANCIAL SERVICES LTD.,ANAND RATHI FINANCIAL SERVICES LTD.
INE504L,RELIANCE GROUP,RELIANCE GROUP
INE506Y,AZURE POWER INDIA PRIVATE LIMITED,AZURE POWER INDIA PRIVATE LIMITED
INE507R,OPJ TRADING PRIVATE LIMITED,OPJ TRADING PRIVATE LIMITED
INE507T,SUMMIT DIGITEL INFRASTRUCTURE LIMITED,SUMMIT DIGITEL INFRASTRUCTURE LIMITED
INE508G,TIME TECHNOPLAST LIMITED,TIME TECHNOPLAST LIMITED
INE509M,SONATA FINANCE PRIVATE LIMITED,SONATA FINANCE PRIVATE LIMITED
INE509P,ASHIANA LANDCRAFT REALTY PRIVATE LIMITED,ASHIANA LANDCRAFT REALTY PRIVATE LIMITED
INE510W,INOX WIND INFRASTRUCTURE SERVICES LIMITED,INOX WIND INFRASTRUCTURE SERVICES LIMITED
INE511C,MAGMA FINCORP LIMITED,MAGMA FINCORP LIMITED
INE511G,ARCIL-SBPS-001-I TRUST,ARCIL-SBPS-001-I TRUST
INE511N,AXIS GROUP,AXIS GROUP
INE512G,ARCIL-SBPS-001-II TRUST,ARCIL-SBPS-001-II TRUST
INE512P,SOLITAIRE INDUSTRIAL INFRASTRUCTURE PVT. LTD.,SOLITAIRE INDUSTRIAL INFRASTRUCTURE PVT. LTD.
INE512S,CHHATTISGARH STATE POWER DISTRIBUTION COMPANY LIMITED,CHHATTISGARH STATE POWER DISTRIBUTION COMPANY LIMITED
INE512U,TRUEWIN REALTY LIMITED,TRUEWIN REALTY LIMITED
INE513P,KINDLE ENGINEERING AND CONSTRUCTION PVT LTD.,KINDLE ENGINEERING AND CONSTRUCTION PVT LTD.
INE514E,EXIM INDIA,EXIM INDIA | EXPORT IMPORT BANK OF INDIA
INE514F,NEELACHAL ISPAT NIGAM LIMITED,NEELACHAL ISPAT NIGAM LIMITED
INE514P,DELIGENTIA ENERGY AND INFRASTRUCTURES PRIVATE LIMITED,DELIGENTIA ENERGY AND INFRASTRUCTURES PRIVATE LIMITED
INE515Q,ANNAPURNA FINANCE PRIVATE LIMITED,ANNAPURNA FINANCE PRIVATE LIMITED
INE515V,IFMR CAPITAL MOSEC AZEROTH 2016,IFMR CAPITAL MOSEC AZEROTH 2016
INE516L,TATA GROUP,TATA GROUP
INE516Q,ASIRVAD MICRO FINANCE LIMITED,ASIRVAD MICRO FINANCE LIMITED
INE516T,ANSAL URBAN CONDOMINIUMS PRIVATE LIMITED,ANSAL URBAN CONDOMINIUMS PRIVATE LIMITED
INE516Y,PIRAMAL CAPITAL & HOUSING FINANCE LIMITED,PIRAMAL CAPITAL & HOUSING FINANCE LIMITED
INE517B,TATA GROUP,TATA GROUP
INE517H,ADVANTA LIMITED,ADVANTA LIMITED
INE518A,FORBES & COMPANY LIMITED,FORBES & COMPANY LIMITED
INE518T,AGARWAL PACKERS AND MOVERS LIMITED,AGARWAL PACKERS AND MOVERS LIMITED
INE519Q,AU SMALL FINANCE BANK LIMITED,AU SMALL FINANCE BANK LIMITED
INE519U,MORGAN CREDITS PRIVATE LIMITED,MORGAN CREDITS PRIVATE LIMITED
INE521E,RBS FINANCIAL SERVICES (INDIA) PRIVATE LTD,RBS FINANCIAL SERVICES (INDIA) PRIVATE LTD
INE522D,MANAPPURAM FINANCE LIMITED,MANAPPURAM FINANCE LIMITED
INE523E,L & T FINANCE LTD,L & T FINANCE LTD | L&T FINANCE LIMITED
INE523H,JM FINANCIAL PRODUCTS LIMITED,JM FINANCIAL PRODUCTS LIMITED
INE523L,NUVAMA WEALTH AND INVESTMENT LIMITED,NUVAMA WEALTH AND INVESTMENT LIMITED
INE525E,NATIONAL CAPITAL REGION PLANNING BOARD,NATIONAL CAPITAL REGION PLANNING BOARD
INE525L,NUVAMA CLEARING SERVICES LIMITED,NUVAMA CLEARING SERVICES LIMITED
INE525V,SYSTEMTRAC TRADERS PRIVATE LIMITED,SYSTEMTRAC TRADERS PRIVATE LIMITED
INE526R,STAR HOUSING FINANCE LIMITED,STAR HOUSING FINANCE LIMITED
INE526S,HAZARIBAGH RANCHI EXPRESSWAY LIMITED,HAZARIBAGH RANCHI EXPRESSWAY LIMITED
INE528G,YES BANK LIMITED,YES BANK LIMITED
INE528L,EAAA INDIA ALTERNATIVES LIMITED,EAAA INDIA ALTERNATIVES LIMITED
INE528S,ECL FINANCE LIMITED,ECL FINANCE LIMITED | EDELWEISS RETAIL FINANCE LIMITED
INE529N,GREENKO WIND PROJECTS PRIVATE LIMITED,GREENKO WIND PROJECTS PRIVATE LIMITED
INE529U,AXIS GROUP,AXIS GROUP
INE530B,IIFL FINANCE LIMITED,IIFL FINANCE LIMITED
INE530L,NIDO HOME FINANCE LIMITED,NIDO HOME FINANCE LIMITED
INE531F,EDELWEISS SECURITIES LIMITED,EDELWEISS SECURITIES LIMITED
INE532F,EDELWEISS CAPITAL LIMITED,EDELWEISS CAPITAL LIMITED | EDELWEISS FINANCIAL SERVICES LIMITED
INE532S,DISH INFRA SERVICES PRIVATE LIMITED,DISH INFRA SERVICES PRIVATE LIMITED
INE535H,FULLERTON INDIA CREDIT COMPANY LTD,FULLERTON INDIA CREDIT COMPANY LTD
INE535J,KRISHNA E CAMPUS PVT LTD,KRISHNA E CAMPUS PVT LTD
INE535N,HARYANA VIDYUT PRASARAN NIGAM LIMITED,HARYANA VIDYUT PRASARAN NIGAM LIMITED
INE535T,BAU DEVELOPERS PRIVATE LIMITED,BAU DEVELOPERS PRIVATE LIMITED
INE536N,OMKAR REALTORS & DEVELOPERS PRIVATE LIMITED,OMKAR REALTORS & DEVELOPERS PRIVATE LIMITED
INE537P,INDIA INFRADEBT LIMITED,INDIA INFRADEBT LIMITED
INE538F,ESSAR POWER LIMITED,ESSAR POWER LIMITED
INE538L,AADHAR HOUSING FINANCE LIMITED,AADHAR HOUSING FINANCE LIMITED
INE539K,CREDILA FINANCIAL SERVICES LIMITED,CREDILA FINANCIAL SERVICES LIMITED
INE540B,RELIANCE GROUP,RELIANCE GROUP
INE540O,ATHAANG DEVANAHALLI TOLLWAY PRIVATE LIMITED,ATHAANG DEVANAHALLI TOLLWAY PRIVATE LIMITED
INE540P,U.P. POWER CORPORATION LIMITED,U.P. POWER CORPORATION LIMITED
INE540U,PENINSULA INFRA DEVELOPMENTS PRIVATE LIMITED,PENINSULA INFRA DEVELOPMENTS PRIVATE LIMITED
INE540V,ASHAPURA HOUSING PRIVATE LIMITED,ASHAPURA HOUSING PRIVATE LIMITED
INE542R,PARINEE REALTORS PRIVATE LIMITED,PARINEE REALTORS PRIVATE LIMITED
INE542W,KPI GREEN ENERGY LIMITED,KPI GREEN ENERGY LIMITED
INE545L,MANGAL CREDIT AND FINCORP LIMITED,MANGAL CREDIT AND FINCORP LIMITED
INE546S,ESSEM INFRA PRIVATE LIMITED,ESSEM INFRA PRIVATE LIMITED
INE547Q,TOTAL ENVIRONMENT BUILDING SYSTEMS PVT LTD,TOTAL ENVIRONMENT BUILDING SYSTEMS PVT LTD
INE548C,EMAMI LIMITED,EMAMI LIMITED
INE548V,NUVOCO VISTAS CORPORATION LIMITED,NUVOCO VISTAS CORPORATION LIMITED
INE549F,KARNATAKA STATE FINANCIAL CORPORATION,KARNATAKA STATE FINANCIAL CORPORATION
INE549H,ANAND RATHI SHARE AND STOCK BROKERS LIMITED,ANAND RATHI SHARE AND STOCK BROKERS LIMITED
INE549K,MUTHOOT FINCORP LIMITED,MUTHOOT FINCORP LIMITED
INE550V,GMR AIR CARGO AND AEROSPACE ENGINEERING LIMITED,GMR AIR CARGO AND AEROSPACE ENGINEERING LIMITED
INE551U,SAMUNNATI FINANCE PRIVATE LIMITED,SAMUNNATI FINANCE PRIVATE LIMITED
INE551W,UJJIVAN SMALL FINANCE BANK LIMITED,UJJIVAN SMALL FINANCE BANK LIMITED
INE552Y,SANSAR TRUST SEP 2017 III,SANSAR TRUST SEP 2017 III
INE554Q,SHETH CREATORS AND CONSTRUCTORS PRIVATE LTD,SHETH CREATORS AND CONSTRUCTORS PRIVATE LTD
INE555J,PATEL KNR HEAVY INFRASTRUCTURES PRIVATE LIMITED,PATEL KNR HEAVY INFRASTRUCTURES PRIVATE LIMITED
INE556F,SMALL INDUSTRIES DEVELOPMENT BANK OF INDIA,SMALL INDUSTRIES DEVELOPMENT BANK OF INDIA
INE556L,L&T HALOL-SHAMLAJI TOLLWAY LIMITED,L&T HALOL-SHAMLAJI TOLLWAY LIMITED
INE556S,EAST-NORTH INTERCONNECTION COMPANY LIMITED,EAST-NORTH INTERCONNECTION COMPANY LIMITED
INE557F,NATIONAL HOUSING BANK,NATIONAL HOUSING BANK
INE557H,ARCIL-SBPS-001-VIII TRUST,ARCIL-SBPS-001-VIII TRUST
INE557L,AHMEDABAD-MALIYA TOLLWAY LIMITED,AHMEDABAD-MALIYA TOLLWAY LIMITED
INE558H,ARCIL-SBPS-001-IX- TRUST,ARCIL-SBPS-001-IX- TRUST
INE558T,RENEW AKSHAY URJA LIMITED,RENEW AKSHAY URJA LIMITED
INE559H,ARCIL- SBPS-001-X- TRUST,ARCIL- SBPS-001-X- TRUST
INE559N,SRG HOUSING FINANCE LIMITED,SRG HOUSING FINANCE LIMITED
INE560H,ARCIL-SBPS-001-XI- TRUST,ARCIL-SBPS-001-XI- TRUST
INE560K,PTC INDIA FINANCIAL SERVICES LIMITED,PTC INDIA FINANCIAL SERVICES LIMITED
INE560L,ERA HOUSING,ERA HOUSING
INE562A,INDIAN BANK,INDIAN BANK
INE564G,DEUTSCHE POSTBANK HOME FINANCE LIMITED,DEUTSCHE POSTBANK HOME FINANCE LIMITED | DEWAN HOUSING FINANCE CORPORATION LIMITED
INE565A,INDIAN OVERSEAS BANK,INDIAN OVERSEAS BANK
INE568Q,INCLINE REALTY PRIVATE LIMITED,INCLINE REALTY PRIVATE LIMITED
INE571A,IPCA LABORATORIES LIMITED,IPCA LABORATORIES LIMITED
INE572E,PNB HOUSING FINANCE LTD,PNB HOUSING FINANCE LTD
INE572F,RAJASTHAN RAJYA VIDYUT PRASARAN NIGAM LTD,RAJASTHAN RAJYA VIDYUT PRASARAN NIGAM LTD
INE572J,SPANDANA SPHOORTY FINANCIAL LIMITED,SPANDANA SPHOORTY FINANCIAL LIMITED
INE572K,SRL DIAGNOSTICS PRIVATE LIMITED,SRL DIAGNOSTICS PRIVATE LIMITED
INE572O,ECAP EQUITIES LIMITED,ECAP EQUITIES LIMITED
INE572X,MYTRAH UJJVAL POWER PRIVATE LIMITED,MYTRAH UJJVAL POWER PRIVATE LIMITED
INE573S,SUNTRACK COMMERCE PRIVATE LIMITED,SUNTRACK COMMERCE PRIVATE LIMITED
INE574S,DIWAKAR VINIYOG PRIVATE LIMITED,DIWAKAR VINIYOG PRIVATE LIMITED
INE575M,METROPOLITAN INFRAHOUSING PRIVATE LIMITED,METROPOLITAN INFRAHOUSING PRIVATE LIMITED
INE575P,STAR HEALTH AND ALLIED INSURANCE COMPANY LIMITED,STAR HEALTH AND ALLIED INSURANCE COMPANY LIMITED
INE575S,BHANU VYAPAAR PRIVATE LIMITED,BHANU VYAPAAR PRIVATE LIMITED
INE576S,RAVIRAJ VINIYOG PRIVATE LIMITED,RAVIRAJ VINIYOG PRIVATE LIMITED
INE577N,WADHWA GROUP HOLDINGS PRIVATE LIMITED,WADHWA GROUP HOLDINGS PRIVATE LIMITED
INE577S,PRABHAKAR VINIYOG PRIVATE LIMITED,PRABHAKAR VINIYOG PRIVATE LIMITED
INE578S,SNEHA NIKETAN PRIVATE LIMITED,SNEHA NIKETAN PRIVATE LIMITED
INE580B,GRUH FINANCE LIMITED,GRUH FINANCE LIMITED
INE580S,SNEHA ABASAN PRIVATE LIMITED,SNEHA ABASAN PRIVATE LIMITED
INE581S,SNEHA GARDENS PRIVATE LIMITED,SNEHA GARDENS PRIVATE LIMITED
INE582L,TATA GROUP,TATA GROUP
INE582R,CONTINENTAL DRUG COMPANY PRIVATE LIMITED,CONTINENTAL DRUG COMPANY PRIVATE LIMITED
INE583D,UGRO CAPITAL LIMITED,UGRO CAPITAL LIMITED
INE583J,TRIL INFOPARK LIMITED,TRIL INFOPARK LIMITED
INE583L,AGS TRANSACT TECHNOLOGIES LIMITED,AGS TRANSACT TECHNOLOGIES LIMITED
INE584A,NMDC STEEL LIMITED,NMDC STEEL LIMITED
INE584T,RADIUS & DESERVE LAND DEVELOPERS PRIVATE LIMITED,RADIUS & DESERVE LAND DEVELOPERS PRIVATE LIMITED
INE584V,ASIAN BUSINESS CONNECTIONS PRIVATE LIMITED,ASIAN BUSINESS CONNECTIONS PRIVATE LIMITED
INE587B,GE CAPITAL SERVICES INDIA,GE CAPITAL SERVICES INDIA
INE587O,ALTICO CAPITAL INDIA LIMITED,ALTICO CAPITAL INDIA LIMITED
INE589A,NLC INDIA LIMITED,NLC INDIA LIMITED
INE591V,RADIANT LIFE CARE PRIVATE LIMITED,RADIANT LIFE CARE PRIVATE LIMITED
INE592A,ORIENT PAPER,ORIENT PAPER | ORIENT PAPER & INDUSTRIES LIMITED
INE595I,DURG SHIVNATH EXPRESSWAYS PRIVATE LIMITED,DURG SHIVNATH EXPRESSWAYS PRIVATE LIMITED
INE597F,GMR ENERGY LIMITED,GMR ENERGY LIMITED
INE597H,TGS INVESTMENT AND  TRADE PRIVATE LIMITED,TGS INVESTMENT AND  TRADE PRIVATE LIMITED
INE598K,PUNE SOLAPUR EXPRESSWAYS PVT. LTD,PUNE SOLAPUR EXPRESSWAYS PVT. LTD
INE601U,TATA GROUP,TATA GROUP
INE604U,CAMDEN INDUSTRIES LIMITED,CAMDEN INDUSTRIES LIMITED
INE605Y,AUXILO FINSERVE PRIVATE LIMITED,AUXILO FINSERVE PRIVATE LIMITED
INE606L,ADITYA BIRLA RETAIL LIMITED,ADITYA BIRLA RETAIL LIMITED | MORE RETAIL PRIVATE LIMITED
INE607M,TATA GROUP,TATA GROUP
INE608A,PUNJAB & SIND BANK,PUNJAB & SIND BANK | PUNJAB AND SIND BANK
INE608T,NSPIRA MANAGEMENT SERVICES PRIVATE LIMITED,NSPIRA MANAGEMENT SERVICES PRIVATE LIMITED
INE610F,GRIDCO LIMITED,GRIDCO LIMITED
INE610U,CLASSIC STRIPES PRIVATE LIMITED,CLASSIC STRIPES PRIVATE LIMITED
INE611O,MAHINDRA BEBANCO DEVELOPERS LIMITED,MAHINDRA BEBANCO DEVELOPERS LIMITED
INE611T,APARNA INFRAENERGY INDIA PRIVATE LIMITED,APARNA INFRAENERGY INDIA PRIVATE LIMITED
INE612J,REPCO HOME FINANCE LTD.,REPCO HOME FINANCE LTD.
INE612U,ELECTRONICA FINANCE LIMITED,ELECTRONICA FINANCE LIMITED
INE613A,RALLIS INDIA LIMITED,RALLIS INDIA LIMITED
INE614B,THE KARNATAKA BANK LIMITED,THE KARNATAKA BANK LIMITED
INE614G,RELIANCE GROUP,RELIANCE GROUP
INE614X,DHANI LOANS AND SERVICES LIMITED,DHANI LOANS AND SERVICES LIMITED
INE615R,TRUCAP FINANCE LIMITED,TRUCAP FINANCE LIMITED
INE615S,STERLITE POWER GRID VENTURES LIMITED,STERLITE POWER GRID VENTURES LIMITED
INE616U,EDELWEISS COMMODITIES SERVICES LIMITED,EDELWEISS COMMODITIES SERVICES LIMITED
INE618W,SHELTREX KARJAT PRIVATE LIMITED,SHELTREX KARJAT PRIVATE LIMITED
INE621H,RELIGARE ENTERPRISES LIMITED,RELIGARE ENTERPRISES LIMITED
INE621O,SAMRUDDHI REALTY LIMITED,SAMRUDDHI REALTY LIMITED
INE622O,BHASKAR INDUSTRIES PRIVATE LIMITED,BHASKAR INDUSTRIES PRIVATE LIMITED
INE622W,ACME SOLAR HOLDINGS PRIVATE  LIMITED,ACME SOLAR HOLDINGS PRIVATE  LIMITED
INE623B,FUTURE ENTERPRISES LIMITED,FUTURE ENTERPRISES LIMITED
INE626J,NAGPUR-SEONI EXPRESS WAY LIMITED,NAGPUR-SEONI EXPRESS WAY LIMITED
INE627P,SGGD PROJECTS DEVELOPMENT PRIVATE LIMITED,SGGD PROJECTS DEVELOPMENT PRIVATE LIMITED
INE628A,UPL LIMITED,UPL LIMITED
INE628H,ORBIT CORPORATION LIMITED,ORBIT CORPORATION LIMITED
INE628K,PRAKAUSALI INVESTMENTS (INDIA) PVTLTD,PRAKAUSALI INVESTMENTS (INDIA) PVTLTD
INE629U,GOLDEN SPARROW REALTY PRIVATE LIMITED,GOLDEN SPARROW REALTY PRIVATE LIMITED
INE631K,WEST BENGAL STATE ELECTRICITY TRANSMISSION COMPANY LIMITED,WEST BENGAL STATE ELECTRICITY TRANSMISSION COMPANY LIMITED
INE631U,SINTEX-BAPL LIMITED,SINTEX-BAPL LIMITED
INE634N,COFFEE DAY NATURAL RESOURCES PRIVATE LIMITED,COFFEE DAY NATURAL RESOURCES PRIVATE LIMITED
INE634S,MANKIND PHARMA LIMITED,MANKIND PHARMA LIMITED
INE635M,UNIVERSAL SOMPO GENERAL INSURANCE COMPANY LTD,UNIVERSAL SOMPO GENERAL INSURANCE COMPANY LTD
INE635O,OCEANUS DWELLINGS PRIVATE LIMITED,OCEANUS DWELLINGS PRIVATE LIMITED
INE636F,NORTH EASTERN ELECTRIC POWER CORPORATION LIMITED,NORTH EASTERN ELECTRIC POWER CORPORATION LIMITED
INE637G,ANDHRA PRADESH WATER RESOURCES DEVPT CORP,ANDHRA PRADESH WATER RESOURCES DEVPT CORP
INE637H,SHIVAM AUTOTECH LIMITED,SHIVAM AUTOTECH LIMITED
INE638F,TAMILNADU INDUSTRIAL INVESTMENT CORPORATION LIMITED,TAMILNADU INDUSTRIAL INVESTMENT CORPORATION LIMITED
INE640N,SHETH BUILDWELL PRIVATE LIMITED,SHETH BUILDWELL PRIVATE LIMITED
INE641O,PHL FINANCE PRIVATE LIMITED,PHL FINANCE PRIVATE LIMITED | PIRAMAL FINANCE LIMITED
INE646H,CAPITAL SMALL FINANCE BANK LIMITED,CAPITAL SMALL FINANCE BANK LIMITED
INE646T,NUEVO NEXTRA DEVELOPERS PRIVATE LIMITED,NUEVO NEXTRA DEVELOPERS PRIVATE LIMITED
INE647A,SRF LIMITED,SRF LIMITED
INE647O,ADITYA BIRLA FASHION AND RETAIL LIMITED,ADITYA BIRLA FASHION AND RETAIL LIMITED
INE647U,CLEAN MAX ENVIRO ENERGY SOLUTIONS PRIVATE LIMITED,CLEAN MAX ENVIRO ENERGY SOLUTIONS PRIVATE LIMITED
INE648A,STATE BANK OF BIKANER AND JAIPUR,STATE BANK OF BIKANER AND JAIPUR
INE649A,STATE BANK OF INDIA,STATE BANK OF INDIA
INE649M,GUTTASEEMA WIND ENERGY COMPANY PRIVATE LTD,GUTTASEEMA WIND ENERGY COMPANY PRIVATE LTD
INE650A,STATE BANK OF INDIA,STATE BANK OF INDIA
INE651A,STATE BANK OF INDIA,STATE BANK OF INDIA
INE651J,JM FINANCIAL CREDIT SOLUTIONS LIMITED,JM FINANCIAL CREDIT SOLUTIONS LIMITED
INE652A,STATE BANK OF INDIA,STATE BANK OF INDIA
INE653A,STATE BANK OF INDIA,STATE BANK OF INDIA
INE654A,STATE BANK OF INDIA,STATE BANK OF INDIA | STATE BANK OF TRAVANCORE
INE656J,GEETANJALI TRADING AND INVESTMENTS PVT LTD,GEETANJALI TRADING AND INVESTMENTS PVT LTD
INE657H,DELHI INTERNATIONAL AIRPORT LIMITED,DELHI INTERNATIONAL AIRPORT LIMITED
INE657I,EAST WEST PIPELINE LIMITED,EAST WEST PIPELINE LIMITED
INE657K,RHC HOLDING PRIVATE LIMITED,RHC HOLDING PRIVATE LIMITED
INE657N,EDELWEISS RURAL & CORPORATE SERVICES LIMITED,EDELWEISS RURAL & CORPORATE SERVICES LIMITED
INE657S,MID-CITY INFRASTRUCTURE PRIVATE LIMITED,MID-CITY INFRASTRUCTURE PRIVATE LIMITED
INE658F,KERALA INFRASTRUCTURE INVESTMENT  FUND BOARD,KERALA INFRASTRUCTURE INVESTMENT  FUND BOARD
INE658R,MOTILAL OSWAL HOME FINANCE LIMITED,MOTILAL OSWAL HOME FINANCE LIMITED
INE659T,SHIVSHAKTI REALHOME PRIVATE LIMITED,SHIVSHAKTI REALHOME PRIVATE LIMITED
INE659X,MOLAGAVALLI RENEWABLE PRIVATE LIMITED,MOLAGAVALLI RENEWABLE PRIVATE LIMITED
INE660A,SUNDARAM FINANCE LIMITED,SUNDARAM FINANCE LIMITED
INE660N,S. D. CORPORATION PRIVATE LIMITED,S. D. CORPORATION PRIVATE LIMITED
INE661E,GUJARAT URJA VIKAS NIGAM LIMITED,GUJARAT URJA VIKAS NIGAM LIMITED
INE665L,VARROC ENGINEERING LIMITED,VARROC ENGINEERING LIMITED
INE666V,MFL SECURITISATION TRUST XL,MFL SECURITISATION TRUST XL
INE667A,CANARA BANK,CANARA BANK | SYNDICATE BANK
INE667F,SUNDARAM BNP PARIBAS HOME FINANCE LIMITED,SUNDARAM BNP PARIBAS HOME FINANCE LIMITED | SUNDARAM HOME FINANCE LIMITED
INE667O,WELSPUN CAPTIVE POWER GENERATION LIMITED,WELSPUN CAPTIVE POWER GENERATION LIMITED
INE668E,HERO CYCLES LIMITED,HERO CYCLES LIMITED
INE668F,JYOTHY LABORATORIES LIMITED,JYOTHY LABORATORIES LIMITED
INE668V,MFL SECURITISATION TRUST XLI,MFL SECURITISATION TRUST XLI
INE669C,TECH MAHINDRA LIMITED,TECH MAHINDRA LIMITED
INE669E,VODAFONE IDEA LIMITED,VODAFONE IDEA LIMITED
INE669H,PUNJAB FINANCIAL CORPORATION,PUNJAB FINANCIAL CORPORATION
INE669V,MFL SECURITISATION TRUST XLII,MFL SECURITISATION TRUST XLII
INE670E,SARDAR SAROVAR NARMADA NIGAM LTD.,SARDAR SAROVAR NARMADA NIGAM LTD.
INE670K,LODHA DEVELOPERS LIMITED,LODHA DEVELOPERS LIMITED
INE670L,HBS REALTORS PRIVATE LIMITED,HBS REALTORS PRIVATE LIMITED
INE671E,GODAVARI MARATHWADA IRRIGATION DEVELOPMENT CORPORATION,GODAVARI MARATHWADA IRRIGATION DEVELOPMENT CORPORATION
INE671H,SOBHA LIMITED,SOBHA LIMITED
INE674K,ADITYA BIRLA CAPITAL LIMITED,ADITYA BIRLA CAPITAL LIMITED
INE674N,MAHINDRA WORLD CITY (JAIPUR) LIMITED,MAHINDRA WORLD CITY (JAIPUR) LIMITED
INE675N,JAI MAHARASHTRA NAGAR DEVELOPMENT PRIVATE LTD,JAI MAHARASHTRA NAGAR DEVELOPMENT PRIVATE LTD
INE676J,SVATANTRA MICRO HOUSING FINANCE CORPORATION LIMITED,SVATANTRA MICRO HOUSING FINANCE CORPORATION LIMITED
INE676K,ULTRATECH CEMENT LIMITED,ULTRATECH CEMENT LIMITED
INE676N,IDL SPECIALITY CHEMICALS LIMITED,IDL SPECIALITY CHEMICALS LIMITED
INE676Q,SANMAR ENGINEERING SERVICES LIMITED,SANMAR ENGINEERING SERVICES LIMITED
INE679A,THE CATHOLIC SYRIAN BANK LTD,THE CATHOLIC SYRIAN BANK LTD
INE680A,DHANLAXMI BANK LIMITED,DHANLAXMI BANK LIMITED
INE680R,PIRAMAL REALTY PRIVATE LIMITED,PIRAMAL REALTY PRIVATE LIMITED
INE681G,ARCIL-SBPS-002-I TRUST,ARCIL-SBPS-002-I TRUST
INE682Q,INDIAN HOSPITALS CORPORATION LTD,INDIAN HOSPITALS CORPORATION LTD
INE683A,THE SOUTH INDIAN BANK LIMITED,THE SOUTH INDIAN BANK LIMITED
INE683V,ABHITECH DEVELOPERS PRIVATE LIMITED,ABHITECH DEVELOPERS PRIVATE LIMITED
INE685O,PRATEEK INFRAPROJECTS INDIA PRIVATE LIMITED,PRATEEK INFRAPROJECTS INDIA PRIVATE LIMITED
INE686T,JV HOLDING PRIVATE LIMITED,JV HOLDING PRIVATE LIMITED
INE688I,CAPITAL FIRST LIMITED,CAPITAL FIRST LIMITED | IDFC FIRST BANK LIMITED
INE688Q,HAZEL REALTY PRIVATE LIMITED,HAZEL REALTY PRIVATE LIMITED
INE688T,K.RAHEJA IT PARK (HYDERABAD) LIMITED,K.RAHEJA IT PARK (HYDERABAD) LIMITED
INE688V,ENERGY EFFICIENCY SERVICES LIMITED,ENERGY EFFICIENCY SERVICES LIMITED
INE689L,MANDAVA HOLDINGS PRIVATE LIMITED,MANDAVA HOLDINGS PRIVATE LIMITED
INE690F,WEST BENGAL FINANCIAL CORPORATION,WEST BENGAL FINANCIAL CORPORATION
INE691A,UCO BANK,UCO BANK
INE691I,L & T INFRASTRUCTURE FINANCE COMPANY LIMITED,L & T INFRASTRUCTURE FINANCE COMPANY LIMITED | L&T FINANCE LIMITED
INE692A,UNION BANK OF INDIA,UNION BANK OF INDIA
INE692Q,TOYOTA FINANCIAL SERVICES INDIA LIMITED,TOYOTA FINANCIAL SERVICES INDIA LIMITED
INE694C,THE LAKSHMI VILAS BANK LIMITED,THE LAKSHMI VILAS BANK LIMITED
INE694L,TALWANDI SABO POWER LIMITED,TALWANDI SABO POWER LIMITED
INE695A,UNITED BANK OF INDIA,UNITED BANK OF INDIA
INE695F,ANDHRA PRADESH STATE FINANCIAL CORPORATION,ANDHRA PRADESH STATE FINANCIAL CORPORATION
INE699A,UTTAM GALVA STEELS LIMITED,UTTAM GALVA STEELS LIMITED
INE699M,PORBANDAR SOLAR POWER LIMITED,PORBANDAR SOLAR POWER LIMITED
INE700A,JUBILANT LIFE SCIENCES LIMITED,JUBILANT LIFE SCIENCES LIMITED
INE700M,PRECIOUS ENERGY SERVICES LIMITED,PRECIOUS ENERGY SERVICES LIMITED
INE700N,RAJASTHAN STATE ROAD TRANSPORT CORPORATION,RAJASTHAN STATE ROAD TRANSPORT CORPORATION
INE701B,PUNJ LLOYD LIMITED,PUNJ LLOYD LIMITED
INE701Q,ADANI GROUP,ADANI GROUP
INE702C,APL APOLLO TUBES LIMITED,APL APOLLO TUBES LIMITED
INE703H,HUBTOWN LIMITED,HUBTOWN LIMITED
INE704I,BARCLAYS INVESTMENTS & LOANS (I)LTD,BARCLAYS INVESTMENTS & LOANS (I)LTD
INE704P,COCHIN SHIPYARD LIMITED,COCHIN SHIPYARD LIMITED
INE705A,BANK OF BARODA,BANK OF BARODA | VIJAYA BANK
INE706T,SARVESH BUILDERS (INDIA) PRIVATE LIMITED,SARVESH BUILDERS (INDIA) PRIVATE LIMITED
INE711K,GVK AIRPORT DEVELOPERS LIMITED,GVK AIRPORT DEVELOPERS LIMITED
INE713G,VODAFONE IDEA LIMITED,VODAFONE IDEA LIMITED
INE716J,EMAMI INFRASTRUCTURE LIMITED,EMAMI INFRASTRUCTURE LIMITED
INE717N,GANESHVANI MERCHANDISE PRIVATE LIMITED,GANESHVANI MERCHANDISE PRIVATE LIMITED
INE718N,GANGES GREEN ENERGY PRIVATE LIMITED,GANGES GREEN ENERGY PRIVATE LIMITED
INE720G,JINDAL POWER LIMITED,JINDAL POWER LIMITED
INE721A,SHRIRAM TRANSPORT FINANCE COMPANY LIMITED,SHRIRAM TRANSPORT FINANCE COMPANY LIMITED
INE722A,SHRIRAM CITY UNION FINANCE LIMITED,SHRIRAM CITY UNION FINANCE LIMITED
INE723X,TRUST INVESTMENT ADVISORS PRIVATE LIMITED,TRUST INVESTMENT ADVISORS PRIVATE LIMITED
INE725H,TATA GROUP,TATA GROUP
INE726G,ICICI GROUP,ICICI GROUP
INE726Z,MANAV INVESTMENT,MANAV INVESTMENT
INE727M,IFCI VENTURE CAPITAL FUNDS LIMITED,IFCI VENTURE CAPITAL FUNDS LIMITED
INE729J,GEMINI INDUSTRIES & IMAGING LIMITED,GEMINI INDUSTRIES & IMAGING LIMITED
INE729N,TVS CREDIT SERVICES LIMITED,TVS CREDIT SERVICES LIMITED
INE729R,SBK PROPERTIES PRIVATE LIMITED,SBK PROPERTIES PRIVATE LIMITED
INE732O,RICHA REALTORS PRIVATE LIMITED,RICHA REALTORS PRIVATE LIMITED
INE732Q,DARBHANGA MOTIHARI TRANSMISSION COMPANY LIMITED,DARBHANGA MOTIHARI TRANSMISSION COMPANY LIMITED
INE733E,NTPC LIMITED,NTPC LIMITED
INE734I,FINKURVE FINANCIAL SERVICES LIMITED,FINKURVE FINANCIAL SERVICES LIMITED
INE734S,ENZEN GLOBAL SOLUTIONS PRIVATE LIMITED,ENZEN GLOBAL SOLUTIONS PRIVATE LIMITED
INE735N,BMW INDIA FINANCIAL SERVICES PRIVATE LIMITED,BMW INDIA FINANCIAL SERVICES PRIVATE LIMITED
INE735W,UTKARSH SMALL FINANCE BANK LIMITED,UTKARSH SMALL FINANCE BANK LIMITED
INE737F,J.P.MORGAN SEC.,J.P.MORGAN SEC.
INE738C,BHARAT ALUMINIUM COMPANY LIMITED,BHARAT ALUMINIUM COMPANY LIMITED
INE740F,WEST BENGAL INFRASTRUCTURE DEVELOPMENT FIN. CORP LTD.,WEST BENGAL INFRASTRUCTURE DEVELOPMENT FIN. CORP LTD.
INE740L,PASHMINA REALTY PRIVATE LIMITED,PASHMINA REALTY PRIVATE LIMITED
INE741K,CREDITACCESS GRAMEEN LIMITED,CREDITACCESS GRAMEEN LIMITED
INE741X,INDIABULLS INFRAESTATE LIMITED,INDIABULLS INFRAESTATE LIMITED
INE742F,ADANI GROUP,ADANI GROUP
INE742L,LILY REALTY PRIVATE LIMITED,LILY REALTY PRIVATE LIMITED
INE743C,MONNET ISPAT AND ENERGY LIMITED,MONNET ISPAT AND ENERGY LIMITED
INE743G,VITP PRIVATE  LIMITED,VITP PRIVATE  LIMITED
INE743L,SHASHWATI REALTY PRIVATE LIMITED,SHASHWATI REALTY PRIVATE LIMITED
INE746N,JHARKHAND ROAD PROJECTS IMPLEMENTATION CO.LTD,JHARKHAND ROAD PROJECTS IMPLEMENTATION CO.LTD
INE748M,TERRA LAND DEVELOPERS LIMITED,TERRA LAND DEVELOPERS LIMITED
INE749A,JINDAL STEEL & POWER LIMITED,JINDAL STEEL & POWER LIMITED
INE749L,BAJAJ INFRASTRUCTURE DEVELOPMENT COMPANY LTD,BAJAJ INFRASTRUCTURE DEVELOPMENT COMPANY LTD
INE750A,ORIENTAL HOTELS LIMITED,ORIENTAL HOTELS LIMITED
INE750H,SAMVARDHANA MOTHERSON INTERNATIONAL LIMITED,SAMVARDHANA MOTHERSON INTERNATIONAL LIMITED
INE750J,BRAHMANI RIVER PELLETS LTD,BRAHMANI RIVER PELLETS LTD
INE751E,STANCHART BANK,STANCHART BANK
INE751F,TATA GROUP,TATA GROUP
INE752E,POWER GRID CORPORATION OF INDIA LIMITED,POWER GRID CORPORATION OF INDIA LIMITED
INE752G,MSP STEEL & POWER LIMITED,MSP STEEL & POWER LIMITED
INE753F,DAMODAR VALLEY CORPORATION,DAMODAR VALLEY CORPORATION
INE754N,INDRAJIT POWER PRIVATE LIMITED,INDRAJIT POWER PRIVATE LIMITED
INE754T,VALDEL REAL ESTATE PRIVATE LIMITED,VALDEL REAL ESTATE PRIVATE LIMITED
INE755K,DALMIA CEMENT (BHARAT) LIMITED,DALMIA CEMENT (BHARAT) LIMITED
INE755L,BAMBOO HOTEL AND GLOBAL CENTRE (DELHI) PRIVATE LIMITED,BAMBOO HOTEL AND GLOBAL CENTRE (DELHI) PRIVATE LIMITED
INE756I,HDB FINANCIAL SERVICES LIMITED,HDB FINANCIAL SERVICES LIMITED
INE756P,JYOTHY FABRICARE SERVICES LIMITED,JYOTHY FABRICARE SERVICES LIMITED
INE757O,PRESTIGE PROJECTS PRIVATE LIMITED,PRESTIGE PROJECTS PRIVATE LIMITED
INE759E,L,L | L&T FINCORP LIMITED
INE760E,TATA GROUP,TATA GROUP
INE760I,MEGHALAYA ENERGY CORPORATION LTD,MEGHALAYA ENERGY CORPORATION LTD
INE763G,ICICI GROUP,ICICI GROUP
INE764L,SADBHAV INFRASTRUCTURE PROJECT LIMITED,SADBHAV INFRASTRUCTURE PROJECT LIMITED
INE765G,ICICI GROUP,ICICI GROUP
INE766N,EMBASSY OFFICE PARKS PRIVATE LIMITED,EMBASSY OFFICE PARKS PRIVATE LIMITED
INE768C,ZYDUS WELLNESS LIMITED,ZYDUS WELLNESS LIMITED
INE768Q,MARVEL ZETA DEVELOPERS PRIVATE LIMITED,MARVEL ZETA DEVELOPERS PRIVATE LIMITED
INE769A,AARTI INDUSTRIES LIMITED,AARTI INDUSTRIES LIMITED
INE774D,MAHINDRA & MAHINDRA FINANCIAL SERVICES LTD,MAHINDRA & MAHINDRA FINANCIAL SERVICES LTD | MAHINDRA AND MAHINDRA FINANCIAL SERVICES LIMITED
INE774N,BHOPAL DHULE TRANSMISSION COMPANY LIMITED,BHOPAL DHULE TRANSMISSION COMPANY LIMITED
INE774V,NALANDA SHELTER PRIVATE LIMITED,NALANDA SHELTER PRIVATE LIMITED
INE775A,SAMVARDHANA MOTHERSON INTERNATIONAL LIMITED,SAMVARDHANA MOTHERSON INTERNATIONAL LIMITED
INE775B,KWALITY LIMITED,KWALITY LIMITED
INE776C,GMR AIRPORTS LIMITED,GMR AIRPORTS LIMITED
INE776K,LANDS END PROPERTIES PRIVATE LTD,LANDS END PROPERTIES PRIVATE LTD
INE784S,EQUINOX BUSINESS PARKS PRIVATE LIMITED,EQUINOX BUSINESS PARKS PRIVATE LIMITED
INE785J,AVANTHA HOLDINGS LIMITED,AVANTHA HOLDINGS LIMITED
INE785P,SAI ASHRAY DEVELOPERS PRIVATE LIMITED,SAI ASHRAY DEVELOPERS PRIVATE LIMITED
INE785Q,SHIVPRASAD REALTY PRIVATE LIMITED,SHIVPRASAD REALTY PRIVATE LIMITED
INE786A,JK LAKSHMI CEMENT LIMITED,JK LAKSHMI CEMENT LIMITED
INE786V,S.M.I.L.E. MICROFINANCE LIMITED,S.M.I.L.E. MICROFINANCE LIMITED
INE787H,INDIA INFRASTRUCTURE FINANCE COMPANY LIMITED,INDIA INFRASTRUCTURE FINANCE COMPANY LIMITED
INE788V,AHA HOLDINGS PRIVATE LIMITED,AHA HOLDINGS PRIVATE LIMITED
INE790T,NRSS XXIX TRANSMISSION LIMITED,NRSS XXIX TRANSMISSION LIMITED
INE790Z,INDINFRAVIT TRUST,INDINFRAVIT TRUST
INE795G,HDFC GROUP,HDFC GROUP
INE795K,INDIA STRUCTURED ASSET TRUST SR-XII-ITSL,INDIA STRUCTURED ASSET TRUST SR-XII-ITSL
INE796L,MACQUARIE FINANCE (INDIA) PRIVATE LIMITED,MACQUARIE FINANCE (INDIA) PRIVATE LIMITED
INE796P,DEWAS BHOPAL CORRIDOR PRIVATE LIMITED,DEWAS BHOPAL CORRIDOR PRIVATE LIMITED
INE797K,AKARSH RESIDENCE PRIVATE LIMITED,AKARSH RESIDENCE PRIVATE LIMITED
INE798Q,GERAH ENTERPRISES PRIVATE LIMITED,GERAH ENTERPRISES PRIVATE LIMITED
INE800H,OMAXE LIMITED,OMAXE LIMITED
INE802J,GMR HYDERABAD INTERNATIONAL AIRPORT LTD,GMR HYDERABAD INTERNATIONAL AIRPORT LTD
INE803N,HPCL-MITTAL PIPELINES LIMITED,HPCL-MITTAL PIPELINES LIMITED
INE804I,ECL FINANCE LIMITED,ECL FINANCE LIMITED
INE804K,RELIANCE GROUP,RELIANCE GROUP
INE805D,SUNTECK REALTY LIMITED,SUNTECK REALTY LIMITED
INE806W,TYCHE TECHNOLOGIES PRIVATE LIMITED,TYCHE TECHNOLOGIES PRIVATE LIMITED
INE806Y,GANGADI INVESTMENTS PRIVATE LIMITED,GANGADI INVESTMENTS PRIVATE LIMITED
INE807X,PUNE MUNICIPAL CORPORATION,PUNE MUNICIPAL CORPORATION
INE808K,AROHAN FINANCIAL SERVICES LIMITED,AROHAN FINANCIAL SERVICES LIMITED
INE810V,IL,IL
INE811K,PRESTIGE ESTATES PROJECTS LIMITED,PRESTIGE ESTATES PROJECTS LIMITED
INE811P,SAHYADRI AGENCIES LIMITED,SAHYADRI AGENCIES LIMITED
INE812R,THREE C GREEN DEVELOPERS PVT. LTD.,THREE C GREEN DEVELOPERS PVT. LTD.
INE812V,THDC INDIA LIMITED,THDC INDIA LIMITED
INE813A,MAHINDRA LIFESPACE DEVELOPERS LTD,MAHINDRA LIFESPACE DEVELOPERS LTD
INE813H,TORRENT POWER LIMITED,TORRENT POWER LIMITED
INE814H,ADANI GROUP,ADANI GROUP
INE814O,NEOGROWTH CREDIT PRIVATE LIMITED,NEOGROWTH CREDIT PRIVATE LIMITED
INE818F,KERALA FINANCIAL CORPORATION,KERALA FINANCIAL CORPORATION
INE818W,ESAF SMALL FINANCE BANK LIMITED,ESAF SMALL FINANCE BANK LIMITED
INE820F,APPU HOTELS LIMITED,APPU HOTELS LIMITED
INE823G,J.K.CEMENT LIMITED,J.K.CEMENT LIMITED
INE826M,SYLVANUS PROPERTIES LIMITED,SYLVANUS PROPERTIES LIMITED
INE827N,L & T INTERSTATE ROAD CORRIDOR LIMITED,L & T INTERSTATE ROAD CORRIDOR LIMITED
INE828N,VADODARA BHARUCH TOLLWAY LIMITED,VADODARA BHARUCH TOLLWAY LIMITED
INE829Q,HERO REALTY LIMITED,HERO REALTY LIMITED
INE831R,ADITYA BIRLA HOUSING FINANCE LIMITED,ADITYA BIRLA HOUSING FINANCE LIMITED
INE832R,TRIDHAATU REALTY AND INFRA PRIVATE LIMITED,TRIDHAATU REALTY AND INFRA PRIVATE LIMITED
INE833M,NEEPA REAL ESTATES PRIVATE LIMITED,NEEPA REAL ESTATES PRIVATE LIMITED
INE833V,SANSAR TRUST SEPTEMBER 2016,SANSAR TRUST SEPTEMBER 2016
INE834T,BKS GALAXY REALTORS PRIVATE LIMITED,BKS GALAXY REALTORS PRIVATE LIMITED
INE835H,MAHUA BHARATPUR EXPRESSWAYS LIMITED,MAHUA BHARATPUR EXPRESSWAYS LIMITED
INE836B,SATIN CREDITCARE NETWORK LIMITED,SATIN CREDITCARE NETWORK LIMITED
INE836F,DISH TV INDIA LIMITED,DISH TV INDIA LIMITED
INE836K,EDEL FINANCE COMPANY LIMITED,EDEL FINANCE COMPANY LIMITED
INE838A,APOLLO GREEN ENERGY LIMITED,APOLLO GREEN ENERGY LIMITED
INE839U,GALINA CONSULTANCY SERVICES PRIVATE LIMITED,GALINA CONSULTANCY SERVICES PRIVATE LIMITED
INE840S,LEGITIMATE ASSETS OPERATORS PRIVATE LIMITED,LEGITIMATE ASSETS OPERATORS PRIVATE LIMITED
INE842O,PURANIK BUILDERS PRIVATE LIMITED,PURANIK BUILDERS PRIVATE LIMITED
INE842R,RELIANCE GROUP,RELIANCE GROUP
INE843S,SURAJ ESTATE DEVELOPERS PRIVATE LIMITED,SURAJ ESTATE DEVELOPERS PRIVATE LIMITED
INE844O,GUJARAT GAS LIMITED,GUJARAT GAS LIMITED
INE845H,ULUNDURPET EXPRESSWAYS PRIVATE LIMITED,ULUNDURPET EXPRESSWAYS PRIVATE LIMITED
INE845T,FORTRESS CONSTRUCTIONS PRIVATE LIMITED,FORTRESS CONSTRUCTIONS PRIVATE LIMITED
INE847E,PFC GROUP,PFC GROUP
INE847R,SKIL SHIPYARD HOLDINGS PRIVATE LIMITED,SKIL SHIPYARD HOLDINGS PRIVATE LIMITED
INE847V,MFL SECURITISATION TRUST XLIV,MFL SECURITISATION TRUST XLIV
INE848E,NHPC LIMITED,NHPC LIMITED
INE849A,TRENT,TRENT | TRENT LIMITED
INE849D,ICICI GROUP,ICICI GROUP
INE850D,GODREJ AGROVET LIMITED,GODREJ AGROVET LIMITED
INE850K,TRIF AMRITSAR PROJECTS LIMITED,TRIF AMRITSAR PROJECTS LIMITED
INE850M,NORTHERN ARC CAPITAL LIMITED,NORTHERN ARC CAPITAL LIMITED
INE850T,BHAGYA LAKSHMI PROPERTIES PRIVATE LIMITED,BHAGYA LAKSHMI PROPERTIES PRIVATE LIMITED
INE851M,VOLKSWAGEN FINANCE PRIVATE LIMITED,VOLKSWAGEN FINANCE PRIVATE LIMITED
INE852K,RELIGARE HOUSING DEVELOPMENT FIN. CORP. LTD.,RELIGARE HOUSING DEVELOPMENT FIN. CORP. LTD.
INE852O,APTUS VALUE HOUSING FINANCE INDIA LIMITED,APTUS VALUE HOUSING FINANCE INDIA LIMITED
INE857N,HIRACO RENEWABLE ENERGY PRIVATE LIMITED,HIRACO RENEWABLE ENERGY PRIVATE LIMITED
INE857Q,TATA GROUP,TATA GROUP
INE859C,IKF FINANCE LIMITED,IKF FINANCE LIMITED
INE859N,PFC GROUP,PFC GROUP
INE860A,HCL TECHNOLOGIES LIMITED,HCL TECHNOLOGIES LIMITED
INE860H,ADITYA BIRLA CAPITAL LIMITED,ADITYA BIRLA CAPITAL LIMITED | ADITYA BIRLA FINANCE LIMITED
INE861G,FOOD CORPORATION,FOOD CORPORATION | FOOD CORPORATION OF INDIA
INE861I,SHARDA SOLVENT LIMITED,SHARDA SOLVENT LIMITED
INE862G,HIMACHAL PRADESH FINANCIAL CORPORATION,HIMACHAL PRADESH FINANCIAL CORPORATION
INE865N,DLF PROMENADE LIMITED,DLF PROMENADE LIMITED
INE866I,INDIA INFOLINE FINANCE LIMITED,INDIA INFOLINE FINANCE LIMITED
INE866N,DLF EMPORIO LIMITED,DLF EMPORIO LIMITED
INE867Y,SARVODAY ADVISORY SERVICES PRIVATE LIMITED,SARVODAY ADVISORY SERVICES PRIVATE LIMITED
INE870D,NATIONAL FERTILIZERS LIMITED,NATIONAL FERTILIZERS LIMITED
INE871D,INFRASTRUCTURE LEASING,INFRASTRUCTURE LEASING | INFRASTRUCTURE LEASING & FINANCIAL SERVICES LTD
INE872A,SREI EQUIPMENT FINANCE LTD,SREI EQUIPMENT FINANCE LTD | SREI INFRASTRUCTURE FINANCE LIMITED
INE873F,WATER & SANITATION POOLED FUND,WATER & SANITATION POOLED FUND
INE873I,NAMAN FINANCE AND INVESTMENT PVT LIMITED,NAMAN FINANCE AND INVESTMENT PVT LIMITED
INE874V,SANSAR TRUST SEPTEMBER 2016 V,SANSAR TRUST SEPTEMBER 2016 V
INE874W,TRENDS IN VOGUE PRIVATE LIMITED,TRENDS IN VOGUE PRIVATE LIMITED
INE875F,SHREE MAHESHWAR HYDEL POWER CORPORATION LTD,SHREE MAHESHWAR HYDEL POWER CORPORATION LTD
INE875Q,JLS REALTY PRIVATE LIMITED,JLS REALTY PRIVATE LIMITED
INE875V,SANSAR TRUST SEPTEMBER 2016 VI,SANSAR TRUST SEPTEMBER 2016 VI
INE879Q,ESAF SMALL FINANCE BANK LIMITED,ESAF SMALL FINANCE BANK LIMITED
INE880J,JSW INFRASTRUCTURE LTD,JSW INFRASTRUCTURE LTD
INE880N,BOMBAY SLUM REDEVELOPMENT CORPORATION PRIVATE LIMITED,BOMBAY SLUM REDEVELOPMENT CORPORATION PRIVATE LIMITED
INE881J,SREI EQUIPMENT FINANCE LTD,SREI EQUIPMENT FINANCE LTD | SREI EQUIPMENT FINANCE PRIVATE LTD
INE881K,GRAMA VIDIYAL MICRO FINANCE LIMITED,GRAMA VIDIYAL MICRO FINANCE LIMITED
INE882K,SAHAYATA MICROFINANCE PVT LTD,SAHAYATA MICROFINANCE PVT LTD
INE882Z,MUTHOOT HOUSING FINANCE COMPANY LIMITED,MUTHOOT HOUSING FINANCE COMPANY LIMITED
INE883A,MRF LIMITED,MRF LIMITED
INE883F,AADHAR HOUSING FINANCE LIMITED,AADHAR HOUSING FINANCE LIMITED
INE884Q,MIDLAND MICROFIN LIMITED,MIDLAND MICROFIN LIMITED
INE885T,CLEAN WIND POWER (ANANTAPUR) PRIVATE LIMITED,CLEAN WIND POWER (ANANTAPUR) PRIVATE LIMITED
INE886F,JODHPUR VIDYUT VITRAN NIGAM LIMITED,JODHPUR VIDYUT VITRAN NIGAM LIMITED
INE886I,MOTILAL OSWAL FINANCIAL SERVICES LIMITED,MOTILAL OSWAL FINANCIAL SERVICES LIMITED
INE887F,JAIPUR VIDYUT VITRAN NIGAM LIMITED,JAIPUR VIDYUT VITRAN NIGAM LIMITED
INE887N,FANTASY BUILDWELL PRIVATE LIMITED,FANTASY BUILDWELL PRIVATE LIMITED
INE888F,AJMER VIDYUT VITRAN NIGAM LIMITED,AJMER VIDYUT VITRAN NIGAM LIMITED
INE888G,BANGALORE INTERNATIONAL AIRPORT LTD,BANGALORE INTERNATIONAL AIRPORT LTD
INE888J,PRAGNYA SOUTH CITY PROJECTS PRIVATE LIMITED,PRAGNYA SOUTH CITY PROJECTS PRIVATE LIMITED
INE889Q,ELAN IMPERIAL PRIVATE LIMITED,ELAN IMPERIAL PRIVATE LIMITED
INE891F,RAJASTHAN RAJYA VIDYUT UTPADAN NIGAM LIMITED,RAJASTHAN RAJYA VIDYUT UTPADAN NIGAM LIMITED
INE891K,AXIS GROUP,AXIS GROUP
INE894F,INDIABULLS HOUSING FINANCE LIMITED,INDIABULLS HOUSING FINANCE LIMITED | SAMMAAN CAPITAL LIMITED
INE894S,TRIDHAATU CONSTRUCTIONS PRIVATE LIMITED,TRIDHAATU CONSTRUCTIONS PRIVATE LIMITED
INE895D,TATA GROUP,TATA GROUP
INE895I,HYPERCITY RETAIL (INDIA) LIMITED,HYPERCITY RETAIL (INDIA) LIMITED
INE895O,SHANKHESHWAR PROPERTIES PRIVATE LIMITED,SHANKHESHWAR PROPERTIES PRIVATE LIMITED
INE895S,BHAVYA CEMENTS LIMITED,BHAVYA CEMENTS LIMITED
INE896F,IL & FS EDUCATION & TECHNOLOGY SERVICES LTD,IL & FS EDUCATION & TECHNOLOGY SERVICES LTD
INE896L,INDOSTAR CAPITAL FINANCE LIMITED,INDOSTAR CAPITAL FINANCE LIMITED
INE896V,ESSENTIAL HOSPITALITY PRIVATE LIMITED,ESSENTIAL HOSPITALITY PRIVATE LIMITED
INE896W,INLAND WATERWAYS AUTHORITY OF INDIA,INLAND WATERWAYS AUTHORITY OF INDIA
INE898G,NORTH KARNATAKA EXPRESSWAY LIMITED,NORTH KARNATAKA EXPRESSWAY LIMITED
INE898W,NOVO 2 AHAN 2017 TRUST,NOVO 2 AHAN 2017 TRUST
INE900G,SIVA VENTURES LIMITED,SIVA VENTURES LIMITED
INE901T,ARM INFRA & UTILITIES PRIVATE LIMITED,ARM INFRA & UTILITIES PRIVATE LIMITED
INE901W,JM FINANCIAL CAPITAL LIMITED,JM FINANCIAL CAPITAL LIMITED
INE903F,GMR AIRPORTS LIMITED,GMR AIRPORTS LIMITED
INE903Q,SHRIRAM VALUE SERVICES LIMITED,SHRIRAM VALUE SERVICES LIMITED
INE904L,TOTAL ENVIRONMENT LIVING SPACES PRIVATE LTD,TOTAL ENVIRONMENT LIVING SPACES PRIVATE LTD
INE905F,GMR ENTERPRISES PRIVATE LIMITED,GMR ENTERPRISES PRIVATE LIMITED
INE905O,VIZAG GENERAL CARGO BERTH PVT LTD,VIZAG GENERAL CARGO BERTH PVT LTD
INE905Y,KOTAK GROUP,KOTAK GROUP
INE906B,NATIONAL HIGHWAYS AUTHORITY OF INDIA,NATIONAL HIGHWAYS AUTHORITY OF INDIA
INE906R,HFL ENTERPRISES LIMITED,HFL ENTERPRISES LIMITED
INE907A,KALYANI STEELS LIMITED,KALYANI STEELS LIMITED
INE907I,KUMAR URBAN DEVELOPMENT LIMITED,KUMAR URBAN DEVELOPMENT LIMITED
INE908I,GMR ENTERPRISES PRIVATE LIMITED,GMR ENTERPRISES PRIVATE LIMITED
INE909H,TATA GROUP,TATA GROUP | TMF HOLDINGS LIMITED
INE910H,CAIRN INDIA LIMITED,CAIRN INDIA LIMITED
INE911L,MAHAVEER FINANCE (INDIA) LIMITED,MAHAVEER FINANCE (INDIA) LIMITED
INE911S,NITESH URBAN DEVELOPMENT PRIVATE LIMITED,NITESH URBAN DEVELOPMENT PRIVATE LIMITED
INE912E,SBI GROUP,SBI GROUP
INE912Q,RUPAREL HOMES INDIA PRIVATE LIMITED,RUPAREL HOMES INDIA PRIVATE LIMITED
INE915B,IND SWIFT LABORATORIES LIMITED,IND SWIFT LABORATORIES LIMITED
INE915D,CITICORP FINANCE (INDIA) LIMITED,CITICORP FINANCE (INDIA) LIMITED | CITIFINANCIAL CONSUMER FIN. INDIA
INE915T,SUN PHARMA LABORATORIES LIMITED,SUN PHARMA LABORATORIES LIMITED
INE915U,ESSEL HIGHWAYS LIMITED,ESSEL HIGHWAYS LIMITED
INE916D,KOTAK GROUP,KOTAK GROUP
INE916M,CLASSIC MALL DEVELOPMENT COMPANY PRIVATE LTD,CLASSIC MALL DEVELOPMENT COMPANY PRIVATE LTD
INE916U,SHEELA FOAM LIMITED,SHEELA FOAM LIMITED
INE916Y,AKME FINTRADE (INDIA) LIMITED,AKME FINTRADE (INDIA) LIMITED
INE917M,DILIP BUILDCON LIMITED,DILIP BUILDCON LIMITED
INE918K,EDEL FINANCE COMPANY LIMITED,EDEL FINANCE COMPANY LIMITED | NUVAMA WEALTH FINANCE LIMITED
INE918T,HERO WIND ENERGY PRIVATE LIMITED,HERO WIND ENERGY PRIVATE LIMITED
INE919I,MUSIC BROADCAST LIMITED,MUSIC BROADCAST LIMITED
INE919R,MAHAN SYNTHETIC TEXTILES PRIVATE LIMITED,MAHAN SYNTHETIC TEXTILES PRIVATE LIMITED
INE920L,ORRIS INFRASTRUCTURE PRIVATE LIMITED,ORRIS INFRASTRUCTURE PRIVATE LIMITED
INE921M,SHREE NAMAN DEVELOPERS LIMITED,SHREE NAMAN DEVELOPERS LIMITED
INE921N,CBC SOLAR TECHNOLOGIES PRIVATE LIMITED,CBC SOLAR TECHNOLOGIES PRIVATE LIMITED
INE922K,INDIA SHELTER FINANCE CORPORATION LIMITED,INDIA SHELTER FINANCE CORPORATION LIMITED
INE923L,SP JAMMU UDHAMPUR HIGHWAY LIMITED,SP JAMMU UDHAMPUR HIGHWAY LIMITED
INE923P,INTERNATIONAL MARITIME & ALLIED SERVICES LTD,INTERNATIONAL MARITIME & ALLIED SERVICES LTD
INE924F,THE MYSORE PAPER MILLS LIMITED,THE MYSORE PAPER MILLS LIMITED
INE925K,TRICHY PADALUR TOLLWAYS PRIVATE LIMITED,TRICHY PADALUR TOLLWAYS PRIVATE LIMITED
INE927F,KERALA STATE POWER AND INFRA FIN CORP LTD,KERALA STATE POWER AND INFRA FIN CORP LTD
INE928F,TATA GROUP,TATA GROUP
INE928P,BANGALORE METRO RAIL CORPORATION LIMITED,BANGALORE METRO RAIL CORPORATION LIMITED
INE931Q,PROMONT HILLSIDE PRIVATE LIMITED,PROMONT HILLSIDE PRIVATE LIMITED
INE931S,ADANI GROUP,ADANI GROUP
INE932X,SHARE INDIA SECURITIES LIMITED,SHARE INDIA SECURITIES LIMITED
INE934E,MSFC SR-62,MSFC SR-62
INE936D,JAMNAGAR UTILITIES & POWER PRIVATE LIMITED,JAMNAGAR UTILITIES & POWER PRIVATE LIMITED | RELIANCE GROUP
INE936W,JSW PROJECTS LIMITED,JSW PROJECTS LIMITED
INE938L,IL&FS ENERGY DEVELOPMENT COMPANY LIMITED,IL&FS ENERGY DEVELOPMENT COMPANY LIMITED
INE939L,TORRENT INVESTMENTS LIMITED,TORRENT INVESTMENTS LIMITED
INE939P,PARINEE REALTY PRIVATE LIMITED,PARINEE REALTY PRIVATE LIMITED
INE939X,MANBA FINANCE LIMITED,MANBA FINANCE LIMITED
INE941D,RELIANCE GROUP,RELIANCE GROUP | SIKKA PORTS & TERMINALS LIMITED
INE941Z,EARC TRUST - SC 327,EARC TRUST - SC 327
INE944Y,JORABAT SHILLONG EXPRESSWAY LIMITED,JORABAT SHILLONG EXPRESSWAY LIMITED
INE945S,KUDGI TRANSMISSION LIMITED,KUDGI TRANSMISSION LIMITED
INE945W,INCRED FINANCIAL SERVICES LIMITED,INCRED FINANCIAL SERVICES LIMITED
INE946L,HERO INVESTMENTS PRIVATE LIMITED,HERO INVESTMENTS PRIVATE LIMITED
INE946S,NUFUTURE DIGITAL (INDIA) LIMITED,NUFUTURE DIGITAL (INDIA) LIMITED
INE946Z,EARC TRUST - SC 297,EARC TRUST - SC 297
INE947F,TRANSMISSION CORPORATION OF A.P. LTD,TRANSMISSION CORPORATION OF A.P. LTD
INE948P,SURANJAN HOLDING AND ESTATE DEVELOPERS PRIVATE LIMITED,SURANJAN HOLDING AND ESTATE DEVELOPERS PRIVATE LIMITED
INE949L,AU SMALL FINANCE BANK LIMITED,AU SMALL FINANCE BANK LIMITED
INE950O,MAHINDRA RURAL HOUSING FINANCE LIMITED,MAHINDRA RURAL HOUSING FINANCE LIMITED
INE951F,ADITYA BIRLA SUN LIFE INSURANCE COMPANY LIMITED,ADITYA BIRLA SUN LIFE INSURANCE COMPANY LIMITED
INE953L,JANA SMALL FINANCE BANK LIMITED,JANA SMALL FINANCE BANK LIMITED
INE954K,AIR INDIA LIMITED,AIR INDIA LIMITED
INE954W,PARTHOS PROPERTIES PRIVATE LIMITED,PARTHOS PROPERTIES PRIVATE LIMITED
INE955K,AIR INDIA EXPRESS LIMITED,AIR INDIA EXPRESS LIMITED
INE956L,MONEYWISE FINANCIAL SERVICES PRIVATE LIMITED,MONEYWISE FINANCIAL SERVICES PRIVATE LIMITED
INE957N,HERO FINCORP LIMITED,HERO FINCORP LIMITED
INE957P,BCIL RED EARTH DEVELOPERS INDIA PRIVATE LTD,BCIL RED EARTH DEVELOPERS INDIA PRIVATE LTD
INE957R,FINCARE BUSINESS SERVICES LIMITED,FINCARE BUSINESS SERVICES LIMITED
INE958G,RELIGARE FINVEST LIMITED,RELIGARE FINVEST LIMITED
INE959P,SURAKSHA REALTY LIMITED,SURAKSHA REALTY LIMITED
INE960S,JSW LOGISTICS INFRASTRUCTURE PRIVATE LIMITED,JSW LOGISTICS INFRASTRUCTURE PRIVATE LIMITED
INE963I,PRINCE FOUNDATIONS LIMITED,PRINCE FOUNDATIONS LIMITED
INE963K,STL FERTILIZERS PRIVATE LIMITED,STL FERTILIZERS PRIVATE LIMITED
INE964Q,RENEW WIND ENERGY (RAJASTHAN ONE) PRIVATE LIMITED,RENEW WIND ENERGY (RAJASTHAN ONE) PRIVATE LIMITED
INE964U,ANTHEA AROMATICS PRIVATE LIMITED,ANTHEA AROMATICS PRIVATE LIMITED
INE965H,WIRE AND WIRELESS (INDIA) LIMITED,WIRE AND WIRELESS (INDIA) LIMITED
INE965Q,DALMIA BHARAT CEMENTS HOLDINGS LIMITED,DALMIA BHARAT CEMENTS HOLDINGS LIMITED
INE965R,GERA DEVELOPMENTS PRIVATE LIMITED,GERA DEVELOPMENTS PRIVATE LIMITED
INE968N,L&T SEAWOODS LIMITED,L&T SEAWOODS LIMITED
INE969P,BHAIRAAV ERECTORS LIMITED,BHAIRAAV ERECTORS LIMITED
INE969X,ELBE SBL IFMR CAPITAL 2017,ELBE SBL IFMR CAPITAL 2017
INE970M,KUMAR URBAN DEVELOPMENT PRIVATE LIMITED,KUMAR URBAN DEVELOPMENT PRIVATE LIMITED
INE972T,SINTEX PREFAB AND INFRA LIMITED,SINTEX PREFAB AND INFRA LIMITED
INE973F,PUNJAB STATE INDUSTRIAL DEVELOPMENT CORP.LTD,PUNJAB STATE INDUSTRIAL DEVELOPMENT CORP.LTD
INE973K,SHARE MICROFIN LIMITED,SHARE MICROFIN LIMITED
INE974L,AMBADI INVESTMENTS PRIVATE LIMITED,AMBADI INVESTMENTS PRIVATE LIMITED
INE975A,ELDER PHARMACEUTICALS LIMITED,ELDER PHARMACEUTICALS LIMITED
INE975F,KOTAK GROUP,KOTAK GROUP
INE975G,IL,IL
INE976G,RBL BANK LIMITED,RBL BANK LIMITED
INE976I,TATA GROUP,TATA GROUP
INE977J,TRAPTI TRADING & INVESTMENTS PVT LTD,TRAPTI TRADING & INVESTMENTS PVT LTD
INE978J,TURQUOISE INVESTMENTS AND FINANCE PVT LTD,TURQUOISE INVESTMENTS AND FINANCE PVT LTD
INE979S,POWERGRID VIZAG TRANSMISSION LIMITED,POWERGRID VIZAG TRANSMISSION LIMITED
INE981F,EPIC CONCESIONES 3 PRIVATE LIMITED,EPIC CONCESIONES 3 PRIVATE LIMITED
INE982D,GODREJ & BOYCE MANUFACTURING COMPANY LIMITED,GODREJ & BOYCE MANUFACTURING COMPANY LIMITED
INE982X,SATYA MICROCAPITAL LIMITED,SATYA MICROCAPITAL LIMITED
INE983F,H.P. INFRASTRUCTURE DEVELOPMENT BOARD,H.P. INFRASTRUCTURE DEVELOPMENT BOARD
INE985G,ARCIL-SBPS-004-I TRUST,ARCIL-SBPS-004-I TRUST
INE985L,ATRIA CONVERGENCE TECHNOLOGIES PRIVATE LTD.,ATRIA CONVERGENCE TECHNOLOGIES PRIVATE LTD.
INE985N,JAY PROPERTIES PRIVATE LIMITED,JAY PROPERTIES PRIVATE LIMITED
INE985V,AMBIT FINVEST PRIVATE LIMITED,AMBIT FINVEST PRIVATE LIMITED
INE986A,BILCARE LIMITED,BILCARE LIMITED
INE986D,CANBANK FACTORS,CANBANK FACTORS
INE990D,KRISHNA BHAGYA JALA NIGAM LIMITED,KRISHNA BHAGYA JALA NIGAM LIMITED
INE990I,ALAKNANDA HYDRO POWER COMPANY LTD,ALAKNANDA HYDRO POWER COMPANY LTD
INE991L,GMR AIR CARGO AND AEROSPACE ENGINEERING LIMITED,GMR AIR CARGO AND AEROSPACE ENGINEERING LIMITED
INE994S,PRIUS COMMERCIAL PROJECTS PRIVATE LIMITED,PRIUS COMMERCIAL PROJECTS PRIVATE LIMITED
INE996L,CREDIT SUISSE FINANCE (INDIA) PRIVATE LIMITED,CREDIT SUISSE FINANCE (INDIA) PRIVATE LIMITED
INE996U,SI CREVA CAPITAL SERVICES PRIVATE LIMITED,SI CREVA CAPITAL SERVICES PRIVATE LIMITED
INE998Y,BERAR FINANCE LIMITED,BERAR FINANCE LIMITED
INE999B,SANGHI INDUSTRIES LIMITED,SANGHI INDUSTRIES LIMITED
INE999H,LOKHANDWALA KATARIA CONSTRUCTION PRIVATE LTD,LOKHANDWALA KATARIA CONSTRUCTION PRIVATE LTD
INE999J,ATC TELECOM INFRASTRUCTURE PRIVATE LIMITED,ATC TELECOM INFRASTRUCTURE PRIVATE LIMITED
